Ensayo,Estimulo,Respuesta,Correcto,Aciertos,Errores,Hits,ContadorH,Rechazos,ContadorR,Falsas.alarmas,ContadorF,Omisiones,ContadorM,Confidence,RTime1,RTime1b,RTime2,Color,X,facilidad,senal,tipo,choice,HR6,FR6,HR5,FR5,HR4,FR4,HR3,FR3,HR2,FR2,HR1,FR1,outcome,Exito
0,34,s,True,1,0,True,1,False,0,False,0,False,0,4,5.861197233,4.360002041,2.406471014,Verde,NA,pocos,senal,4 AS,1,0,0,0,0,1,0,1,0,1,0,1,0,4,1
1,166,n,True,2,0,False,1,True,1,False,0,False,0,1,4.957844019,3.456665993,1.504010916,Purpura,NA,pocos,ruido,1 AN,0,0,0,0,0,0,0,0,0,0,0,0,1,3,1
2,128,n,False,2,1,False,1,False,1,False,0,True,1,2,4.15770793,2.65654397,1.80486393,Purpura,NA,pocos,senal,4 AS,0,0,0,0,0,0,0,0,0,1,0,1,0,2,0
3,355,n,False,2,2,False,1,False,1,False,0,True,2,1,3.752172947,2.251000881,2.305969954,Azul,NA,muchos,senal,3 BS,0,0,0,0,0,0,0,0,0,0,0,1,0,2,0
4,76,n,False,2,3,False,1,False,1,False,0,True,3,1,4.646960974,3.145823002,1.80422616,Verde,NA,pocos,senal,4 AS,0,0,0,0,0,0,0,0,0,0,0,1,0,2,0
5,225,s,False,2,4,False,1,False,1,True,1,False,3,5,5.761692047,4.260526896,1.904730082,Naranja,NA,pocos,ruido,1 AN,1,0,0,0,1,0,1,0,1,0,1,0,1,1,0
8,261,n,True,4,5,False,1,True,3,False,2,False,3,1,2.35346508,0.852314949,2.606415987,Verde,NA,pocos,ruido,1 AN,0,0,0,0,0,0,0,0,0,0,0,0,1,3,1
9,408,n,False,4,6,False,1,False,3,False,2,True,4,2,4.554597139,3.053425074,2.105317116,Verde,NA,muchos,senal,3 BS,0,0,0,0,0,0,0,0,0,1,0,1,0,2,0
11,462,s,True,6,6,True,2,False,4,False,2,False,4,6,3.753710032,2.252664089,2.105127096,Azul,NA,muchos,senal,3 BS,1,1,0,1,0,1,0,1,0,1,0,1,0,4,1
12,103,s,True,7,6,True,3,False,4,False,2,False,4,6,2.854344845,1.353277206,3.508080959,Azul,NA,pocos,senal,4 AS,1,1,0,1,0,1,0,1,0,1,0,1,0,4,1
13,121,s,True,8,6,True,4,False,4,False,2,False,4,6,2.955524921,1.454468966,2.406021833,Purpura,NA,pocos,senal,4 AS,1,1,0,1,0,1,0,1,0,1,0,1,0,4,1
14,26,s,True,9,6,True,5,False,4,False,2,False,4,6,3.455927134,1.954796076,1.704370975,Azul,NA,pocos,senal,4 AS,1,1,0,1,0,1,0,1,0,1,0,1,0,4,1
15,490,s,False,9,7,False,5,False,4,True,3,False,4,6,3.050559998,1.549396992,1.804284096,Purpura,NA,muchos,ruido,2 BN,1,0,1,0,1,0,1,0,1,0,1,0,1,1,0
16,511,n,True,10,7,False,5,True,5,False,3,False,4,2,3.351419926,1.850219011,3.107308149,Naranja,NA,muchos,ruido,2 BN,0,0,0,0,0,0,0,0,0,0,1,0,1,3,1
17,17,s,True,11,7,True,6,False,5,False,3,False,4,5,2.842995882,1.341722012,1.303913832,Naranja,NA,pocos,senal,4 AS,1,0,0,1,0,1,0,1,0,1,0,1,0,4,1
18,388,s,True,12,7,True,7,False,5,False,3,False,4,5,5.55983901,4.05911684,1.203402996,Naranja,NA,muchos,senal,3 BS,1,0,0,1,0,1,0,1,0,1,0,1,0,4,1
19,442,s,True,13,7,True,8,False,5,False,3,False,4,5,3.854674816,2.35416317,1.905077934,Purpura,NA,muchos,senal,3 BS,1,0,0,1,0,1,0,1,0,1,0,1,0,4,1
20,437,n,False,13,8,False,8,False,5,False,3,True,5,2,3.152631044,1.651448965,1.403520107,Naranja,NA,muchos,senal,3 BS,0,0,0,0,0,0,0,0,0,1,0,1,0,2,0
21,38,s,True,14,8,True,9,False,5,False,3,False,5,5,3.155603886,1.654487848,1.804485083,Purpura,NA,pocos,senal,4 AS,1,0,0,1,0,1,0,1,0,1,0,1,0,4,1
23,395,n,False,15,9,False,9,False,6,False,3,True,6,2,6.058125019,4.55708003,1.403922081,Verde,NA,muchos,senal,3 BS,0,0,0,0,0,0,0,0,0,1,0,1,0,2,0
24,392,s,True,16,9,True,10,False,6,False,3,False,6,5,3.755752087,2.255291939,1.203072071,Verde,NA,muchos,senal,3 BS,1,0,0,1,0,1,0,1,0,1,0,1,0,4,1
25,126,s,True,17,9,True,11,False,6,False,3,False,6,6,3.056142092,1.555047035,1.303467989,Naranja,NA,pocos,senal,4 AS,1,1,0,1,0,1,0,1,0,1,0,1,0,4,1
26,36,s,True,18,9,True,12,False,6,False,3,False,6,6,3.054852009,1.553720951,1.403692961,Azul,NA,pocos,senal,4 AS,1,1,0,1,0,1,0,1,0,1,0,1,0,4,1
27,328,n,False,18,10,False,12,False,6,False,3,True,7,3,3.049778938,1.548668861,1.403967142,Verde,NA,muchos,senal,3 BS,0,0,0,0,0,0,0,1,0,1,0,1,0,2,0
28,100,s,True,19,10,True,13,False,6,False,3,False,7,6,2.753248215,1.252197981,1.303654909,Azul,NA,pocos,senal,4 AS,1,1,0,1,0,1,0,1,0,1,0,1,0,4,1
29,212,s,False,19,11,False,13,False,6,True,4,False,7,6,2.749029875,1.247928858,1.603959084,Azul,NA,pocos,ruido,1 AN,1,0,1,0,1,0,1,0,1,0,1,0,1,1,0
30,558,n,True,20,11,False,13,True,7,False,4,False,7,1,3.751199007,2.25009799,1.503870964,Azul,NA,muchos,ruido,2 BN,0,0,0,0,0,0,0,0,0,0,0,0,1,3,1
31,58,s,True,21,11,True,14,False,7,False,4,False,7,6,3.154926062,1.65379405,1.504086018,Azul,NA,pocos,senal,4 AS,1,1,0,1,0,1,0,1,0,1,0,1,0,4,1
32,340,n,False,21,12,False,14,False,7,False,4,True,8,2,3.050128937,1.548981905,1.503901958,Naranja,NA,muchos,senal,3 BS,0,0,0,0,0,0,0,0,0,1,0,1,0,2,0
33,162,s,False,21,13,False,14,False,7,True,5,False,8,6,3.657669067,2.156471014,2.105702162,Verde,NA,pocos,ruido,1 AN,1,0,1,0,1,0,1,0,1,0,1,0,1,1,0
34,450,s,True,22,13,True,15,False,7,False,5,False,8,6,2.850138903,1.348997116,1.604143858,Naranja,NA,muchos,senal,3 BS,1,1,0,1,0,1,0,1,0,1,0,1,0,4,1
35,4,s,True,23,13,True,16,False,7,False,5,False,8,5,3.155079126,1.653994083,1.904582977,Azul,NA,pocos,senal,4 AS,1,0,0,1,0,1,0,1,0,1,0,1,0,4,1
36,369,n,False,23,14,False,16,False,7,False,5,True,9,3,2.949908018,1.448776007,1.704515934,Naranja,NA,muchos,senal,3 BS,0,0,0,0,0,0,0,1,0,1,0,1,0,2,0
37,422,s,True,24,14,True,17,False,7,False,5,False,9,5,3.150783062,1.649730921,1.202972889,Verde,NA,muchos,senal,3 BS,1,0,0,1,0,1,0,1,0,1,0,1,0,4,1
38,180,s,False,24,15,False,17,False,7,True,6,False,9,6,4.455101013,2.953999043,1.804493904,Azul,NA,pocos,ruido,1 AN,1,0,1,0,1,0,1,0,1,0,1,0,1,1,0
39,363,n,False,24,16,False,17,False,7,False,6,True,10,3,4.452972889,2.951781034,1.504056931,Verde,NA,muchos,senal,3 BS,0,0,0,0,0,0,0,1,0,1,0,1,0,2,0
40,73,s,True,25,16,True,18,False,7,False,6,False,10,6,2.549084902,1.047981024,2.305454969,Purpura,NA,pocos,senal,4 AS,1,1,0,1,0,1,0,1,0,1,0,1,0,4,1
41,361,s,True,26,16,True,19,False,7,False,6,False,10,5,2.754569054,1.253485918,1.604206085,Purpura,NA,muchos,senal,3 BS,1,0,0,1,0,1,0,1,0,1,0,1,0,4,1
42,402,s,True,27,16,True,20,False,7,False,6,False,10,6,3.152221918,1.651094913,1.704226971,Verde,NA,muchos,senal,3 BS,1,1,0,1,0,1,0,1,0,1,0,1,0,4,1
43,55,s,True,28,16,True,21,False,7,False,6,False,10,6,2.842586041,1.341500044,1.203338146,Azul,NA,pocos,senal,4 AS,1,1,0,1,0,1,0,1,0,1,0,1,0,4,1
44,342,n,False,28,17,False,21,False,7,False,6,True,11,3,4.152797937,2.65167284,1.202847004,Purpura,NA,muchos,senal,3 BS,0,0,0,0,0,0,0,1,0,1,0,1,0,2,0
45,350,n,False,28,18,False,21,False,7,False,6,True,12,3,3.752032042,2.250986099,1.403578043,Naranja,NA,muchos,senal,3 BS,0,0,0,0,0,0,0,1,0,1,0,1,0,2,0
47,224,n,True,30,18,False,21,True,9,False,6,False,12,2,2.252891064,0.751842976,1.403854132,Purpura,NA,pocos,ruido,1 AN,0,0,0,0,0,0,0,0,0,0,1,0,1,3,1
49,482,s,False,31,19,False,21,False,10,True,7,False,12,6,2.650365829,1.149300098,1.403412104,Naranja,NA,muchos,ruido,2 BN,1,0,1,0,1,0,1,0,1,0,1,0,1,1,0
50,570,s,False,31,20,False,21,False,10,True,8,False,12,6,2.753165007,1.252694845,1.504426956,Purpura,NA,muchos,ruido,2 BN,1,0,1,0,1,0,1,0,1,0,1,0,1,1,0
51,90,s,True,32,20,True,22,False,10,False,8,False,12,6,3.156386137,1.65519309,1.403869867,Azul,NA,pocos,senal,4 AS,1,1,0,1,0,1,0,1,0,1,0,1,0,4,1
52,343,s,True,33,20,True,23,False,10,False,8,False,12,5,4.66069293,3.160460949,1.303170919,Naranja,NA,muchos,senal,3 BS,1,0,0,1,0,1,0,1,0,1,0,1,0,4,1
53,183,n,True,34,20,False,23,True,11,False,8,False,12,2,2.749658823,1.248510838,1.704325914,Azul,NA,pocos,ruido,1 AN,0,0,0,0,0,0,0,0,0,0,1,0,1,3,1
54,39,s,True,35,20,True,24,False,11,False,8,False,12,6,2.452979088,0.951843977,1.704931021,Azul,NA,pocos,senal,4 AS,1,1,0,1,0,1,0,1,0,1,0,1,0,4,1
56,579,s,False,35,22,False,24,False,11,True,10,False,12,6,2.649360895,1.14822793,1.103411913,Verde,NA,muchos,ruido,2 BN,1,0,1,0,1,0,1,0,1,0,1,0,1,1,0
57,199,n,True,36,22,False,24,True,12,False,10,False,12,3,3.757740021,2.256700993,1.303230047,Azul,NA,pocos,ruido,1 AN,0,0,0,0,0,0,0,0,1,0,1,0,1,3,1
58,139,s,True,37,22,True,25,False,12,False,10,False,12,6,3.154601097,1.654484987,1.603748083,Naranja,NA,pocos,senal,4 AS,1,1,0,1,0,1,0,1,0,1,0,1,0,4,1
59,546,s,False,37,23,False,25,False,12,True,11,False,12,6,2.749822855,1.24870801,1.303188086,Naranja,NA,muchos,ruido,2 BN,1,0,1,0,1,0,1,0,1,0,1,0,1,1,0
61,540,s,False,37,25,False,25,False,12,True,13,False,12,6,2.853568792,1.352981806,2.606083155,Naranja,NA,muchos,ruido,2 BN,1,0,1,0,1,0,1,0,1,0,1,0,1,1,0
62,195,s,False,37,26,False,25,False,12,True,14,False,12,6,3.356784821,1.855432034,1.10297513,Purpura,NA,pocos,ruido,1 AN,1,0,1,0,1,0,1,0,1,0,1,0,1,1,0
64,182,n,True,39,26,False,25,True,14,False,14,False,12,2,2.643360138,1.142189026,1.10332489,Purpura,NA,pocos,ruido,1 AN,0,0,0,0,0,0,0,0,0,0,1,0,1,3,1
65,593,s,False,39,27,False,25,False,14,True,15,False,12,6,2.04756093,0.546365976,1.303471088,Azul,NA,muchos,ruido,2 BN,1,0,1,0,1,0,1,0,1,0,1,0,1,1,0
66,21,s,True,40,27,True,26,False,14,False,15,False,12,6,2.843261957,1.342123985,1.604398966,Verde,NA,pocos,senal,4 AS,1,1,0,1,0,1,0,1,0,1,0,1,0,4,1
67,436,s,True,41,27,True,27,False,14,False,15,False,12,5,3.251158953,1.750065088,1.102592945,Purpura,NA,muchos,senal,3 BS,1,0,0,1,0,1,0,1,0,1,0,1,0,4,1
68,595,s,False,41,28,False,27,False,14,True,16,False,12,6,2.549256086,1.048138142,1.503907204,Verde,NA,muchos,ruido,2 BN,1,0,1,0,1,0,1,0,1,0,1,0,1,1,0
69,338,s,True,42,28,True,28,False,14,False,16,False,12,5,3.055899858,1.554810047,1.904844999,Verde,NA,muchos,senal,3 BS,1,0,0,1,0,1,0,1,0,1,0,1,0,4,1
70,244,s,False,42,29,False,28,False,14,True,17,False,12,6,2.754339933,1.25316596,2.506581068,Azul,NA,pocos,ruido,1 AN,1,0,1,0,1,0,1,0,1,0,1,0,1,1,0
72,397,n,False,43,30,False,28,False,15,False,17,True,13,1,1.948807955,0.447669029,1.303463936,Azul,NA,muchos,senal,3 BS,0,0,0,0,0,0,0,0,0,0,0,1,0,2,0
73,489,s,False,43,31,False,28,False,15,True,18,False,13,5,2.650580883,1.149392843,1.302798033,Verde,NA,muchos,ruido,2 BN,1,0,0,0,1,0,1,0,1,0,1,0,1,1,0
74,375,s,True,44,31,True,29,False,15,False,18,False,13,4,4.353652,2.852509975,1.203826904,Naranja,NA,muchos,senal,3 BS,1,0,0,0,0,1,0,1,0,1,0,1,0,4,1
75,228,s,False,44,32,False,29,False,15,True,19,False,13,6,2.453609943,0.952491045,1.303282976,Azul,NA,pocos,ruido,1 AN,1,0,1,0,1,0,1,0,1,0,1,0,1,1,0
76,409,s,True,45,32,True,30,False,15,False,19,False,13,5,3.354692221,1.854052067,1.203582048,Purpura,NA,muchos,senal,3 BS,1,0,0,1,0,1,0,1,0,1,0,1,0,4,1
78,560,n,True,46,33,False,30,True,16,False,20,False,13,1,2.55360198,1.052416801,1.704241991,Verde,NA,muchos,ruido,2 BN,0,0,0,0,0,0,0,0,0,0,0,0,1,3,1
79,517,n,True,47,33,False,30,True,17,False,20,False,13,1,2.549559832,1.048460007,1.102499008,Naranja,NA,muchos,ruido,2 BN,0,0,0,0,0,0,0,0,0,0,0,0,1,3,1
80,138,s,True,48,33,True,31,False,17,False,20,False,13,6,2.652879953,1.151807785,1.103270054,Azul,NA,pocos,senal,4 AS,1,1,0,1,0,1,0,1,0,1,0,1,0,4,1
81,270,n,True,49,33,False,31,True,18,False,20,False,13,1,2.649280071,1.148169994,1.103296995,Naranja,NA,pocos,ruido,1 AN,0,0,0,0,0,0,0,0,0,0,0,0,1,3,1
82,379,n,False,49,34,False,31,False,18,False,20,True,14,3,3.55491519,2.054713011,0.802134037,Verde,NA,muchos,senal,3 BS,0,0,0,0,0,0,0,1,0,1,0,1,0,2,0
83,330,n,False,49,35,False,31,False,18,False,20,True,15,3,3.250730991,1.75009799,1.203395128,Azul,NA,muchos,senal,3 BS,0,0,0,0,0,0,0,1,0,1,0,1,0,2,0
84,597,n,True,50,35,False,31,True,19,False,20,False,15,2,2.047991991,0.546846867,1.403521776,Naranja,NA,muchos,ruido,2 BN,0,0,0,0,0,0,0,0,0,0,1,0,1,3,1
85,93,s,True,51,35,True,32,False,19,False,20,False,15,6,2.655085087,1.154005051,0.501420021,Azul,NA,pocos,senal,4 AS,1,1,0,1,0,1,0,1,0,1,0,1,0,4,1
86,457,s,True,52,35,True,33,False,19,False,20,False,15,6,3.052008867,1.55090189,1.20311594,Verde,NA,muchos,senal,3 BS,1,1,0,1,0,1,0,1,0,1,0,1,0,4,1
87,15,s,True,53,35,True,34,False,19,False,20,False,15,6,2.641433954,1.140307903,1.604043961,Verde,NA,pocos,senal,4 AS,1,1,0,1,0,1,0,1,0,1,0,1,0,4,1
88,553,s,False,53,36,False,34,False,19,True,21,False,15,6,2.649118185,1.147972107,1.303681135,Verde,NA,muchos,ruido,2 BN,1,0,1,0,1,0,1,0,1,0,1,0,1,1,0
89,527,n,True,54,36,False,34,True,20,False,21,False,15,2,2.754086971,1.253451109,1.102488041,Naranja,NA,muchos,ruido,2 BN,0,0,0,0,0,0,0,0,0,0,1,0,1,3,1
90,8,s,True,55,36,True,35,False,20,False,21,False,15,6,2.554032087,1.052978992,1.403849125,Naranja,NA,pocos,senal,4 AS,1,1,0,1,0,1,0,1,0,1,0,1,0,4,1
91,578,s,False,55,37,False,35,False,20,True,22,False,15,6,2.753409863,1.25286603,1.203043938,Naranja,NA,muchos,ruido,2 BN,1,0,1,0,1,0,1,0,1,0,1,0,1,1,0
92,111,s,True,56,37,True,36,False,20,False,22,False,15,6,2.65427804,1.153417826,1.203102112,Verde,NA,pocos,senal,4 AS,1,1,0,1,0,1,0,1,0,1,0,1,0,4,1
93,415,n,False,56,38,False,36,False,20,False,22,True,16,2,2.051795006,0.550940037,3.408600807,Azul,NA,muchos,senal,3 BS,0,0,0,0,0,0,0,0,0,1,0,1,0,2,0
94,33,s,True,57,38,True,37,False,20,False,22,False,16,6,2.856072903,1.354933977,1.704390049,Naranja,NA,pocos,senal,4 AS,1,1,0,1,0,1,0,1,0,1,0,1,0,4,1
95,71,s,True,58,38,True,38,False,20,False,22,False,16,6,2.655009031,1.153856993,1.603794098,Azul,NA,pocos,senal,4 AS,1,1,0,1,0,1,0,1,0,1,0,1,0,4,1
96,94,s,True,59,38,True,39,False,20,False,22,False,16,6,5.462078094,3.960875034,1.904692173,Naranja,NA,pocos,senal,4 AS,1,1,0,1,0,1,0,1,0,1,0,1,0,4,1
97,411,s,True,60,38,True,40,False,20,False,22,False,16,5,2.651899815,1.151292086,1.303389072,Verde,NA,muchos,senal,3 BS,1,0,0,1,0,1,0,1,0,1,0,1,0,4,1
98,237,n,True,61,38,False,40,True,21,False,22,False,16,2,2.641927004,1.140727997,1.103397846,Azul,NA,pocos,ruido,1 AN,0,0,0,0,0,0,0,0,0,0,1,0,1,3,1
100,486,n,True,63,38,False,40,True,23,False,22,False,16,1,2.050832033,0.550171852,1.203340054,Verde,NA,muchos,ruido,2 BN,0,0,0,0,0,0,0,0,0,0,0,0,1,3,1
101,188,s,False,63,39,False,40,False,23,True,23,False,16,6,2.654103994,1.153019905,1.203164101,Verde,NA,pocos,ruido,1 AN,1,0,1,0,1,0,1,0,1,0,1,0,1,1,0
102,279,n,True,64,39,False,40,True,24,False,23,False,16,1,2.553725004,1.052645922,0.601803064,Azul,NA,pocos,ruido,1 AN,0,0,0,0,0,0,0,0,0,0,0,0,1,3,1
103,258,s,False,64,40,False,40,False,24,True,24,False,16,5,3.055128098,1.554713011,0.602191925,Verde,NA,pocos,ruido,1 AN,1,0,0,0,1,0,1,0,1,0,1,0,1,1,0
104,572,s,False,64,41,False,40,False,24,True,25,False,16,6,2.75357914,1.2527771,1.203121901,Naranja,NA,muchos,ruido,2 BN,1,0,1,0,1,0,1,0,1,0,1,0,1,1,0
105,542,n,True,65,41,False,40,True,25,False,25,False,16,1,4.156165123,2.655061007,1.704178095,Azul,NA,muchos,ruido,2 BN,0,0,0,0,0,0,0,0,0,0,0,0,1,3,1
106,3,s,True,66,41,True,41,False,25,False,25,False,16,6,2.253800154,0.753489017,1.904389858,Purpura,NA,pocos,senal,4 AS,1,1,0,1,0,1,0,1,0,1,0,1,0,4,1
108,576,n,True,68,41,False,41,True,27,False,25,False,16,1,3.25458312,1.754062891,0.802006006,Verde,NA,muchos,ruido,2 BN,0,0,0,0,0,0,0,0,0,0,0,0,1,3,1
109,181,s,False,68,42,False,41,False,27,True,26,False,16,4,4.35170579,2.850627899,0.702031136,Verde,NA,pocos,ruido,1 AN,1,0,0,0,0,0,1,0,1,0,1,0,1,1,0
110,83,s,True,69,42,True,42,False,27,False,26,False,16,5,2.955161095,1.454046011,2.20600009,Purpura,NA,pocos,senal,4 AS,1,0,0,1,0,1,0,1,0,1,0,1,0,4,1
111,23,s,True,70,42,True,43,False,27,False,26,False,16,6,2.449025869,0.947916985,0.601970911,Azul,NA,pocos,senal,4 AS,1,1,0,1,0,1,0,1,0,1,0,1,0,4,1
112,537,s,False,70,43,False,43,False,27,True,27,False,16,6,2.753103971,1.252501965,0.701943874,Verde,NA,muchos,ruido,2 BN,1,0,1,0,1,0,1,0,1,0,1,0,1,1,0
113,218,s,False,70,44,False,43,False,27,True,28,False,16,6,2.653475046,1.152345896,0.701946974,Azul,NA,pocos,ruido,1 AN,1,0,1,0,1,0,1,0,1,0,1,0,1,1,0
114,441,s,True,71,44,True,44,False,27,False,28,False,16,6,2.151772976,0.651184082,0.601593971,Verde,NA,muchos,senal,3 BS,1,1,0,1,0,1,0,1,0,1,0,1,0,4,1
115,29,s,True,72,44,True,45,False,27,False,28,False,16,6,2.754654169,1.253556013,0.501204967,Azul,NA,pocos,senal,4 AS,1,1,0,1,0,1,0,1,0,1,0,1,0,4,1
117,143,s,True,74,44,True,46,False,28,False,28,False,16,6,2.653814793,1.152697802,1.002603054,Verde,NA,pocos,senal,4 AS,1,1,0,1,0,1,0,1,0,1,0,1,0,4,1
118,416,n,False,74,45,False,46,False,28,False,28,True,17,3,3.253555059,1.753093958,0.701640129,Naranja,NA,muchos,senal,3 BS,0,0,0,0,0,0,0,1,0,1,0,1,0,2,0
120,104,s,True,76,45,True,47,False,29,False,28,False,17,6,2.45374012,0.952622175,0.902446985,Naranja,NA,pocos,senal,4 AS,1,1,0,1,0,1,0,1,0,1,0,1,0,4,1
121,153,s,True,77,45,True,48,False,29,False,28,False,17,6,2.554694176,1.053622961,1.404076815,Purpura,NA,pocos,senal,4 AS,1,1,0,1,0,1,0,1,0,1,0,1,0,4,1
122,405,s,True,78,45,True,49,False,29,False,28,False,17,5,2.850022793,1.349085808,1.002506971,Verde,NA,muchos,senal,3 BS,1,0,0,1,0,1,0,1,0,1,0,1,0,4,1
123,389,n,False,78,46,False,49,False,29,False,28,True,18,3,3.455610037,1.954920053,1.002568007,Verde,NA,muchos,senal,3 BS,0,0,0,0,0,0,0,1,0,1,0,1,0,2,0
124,209,s,False,78,47,False,49,False,29,True,29,False,18,6,3.853209019,2.352133989,0.802139044,Naranja,NA,pocos,ruido,1 AN,1,0,1,0,1,0,1,0,1,0,1,0,1,1,0
125,280,n,True,79,47,False,49,True,30,False,29,False,18,1,2.153502941,0.652334929,1.905018091,Naranja,NA,pocos,ruido,1 AN,0,0,0,0,0,0,0,0,0,0,0,0,1,3,1
126,555,s,False,79,48,False,49,False,30,True,30,False,18,6,2.65059185,1.149433851,1.50387311,Azul,NA,muchos,ruido,2 BN,1,0,1,0,1,0,1,0,1,0,1,0,1,1,0
127,514,s,False,79,49,False,49,False,30,True,31,False,18,6,2.852791071,1.352089167,1.603824854,Naranja,NA,muchos,ruido,2 BN,1,0,1,0,1,0,1,0,1,0,1,0,1,1,0
128,155,s,True,80,49,True,50,False,30,False,31,False,18,6,2.454354048,0.953289032,1.303499937,Naranja,NA,pocos,senal,4 AS,1,1,0,1,0,1,0,1,0,1,0,1,0,4,1
129,339,n,False,80,50,False,50,False,30,False,31,True,19,2,2.648664951,1.147611856,1.203188896,Azul,NA,muchos,senal,3 BS,0,0,0,0,0,0,0,0,0,1,0,1,0,2,0
130,590,n,True,81,50,False,50,True,31,False,31,False,19,2,1.947602034,0.446491957,1.203176975,Azul,NA,muchos,ruido,2 BN,0,0,0,0,0,0,0,0,0,0,1,0,1,3,1
131,476,s,True,82,50,True,51,False,31,False,31,False,19,6,2.953711987,1.453130007,1.504051924,Naranja,NA,muchos,senal,3 BS,1,1,0,1,0,1,0,1,0,1,0,1,0,4,1
132,550,n,True,83,50,False,51,True,32,False,31,False,19,2,2.051621914,0.550868988,1.904610872,Verde,NA,muchos,ruido,2 BN,0,0,0,0,0,0,0,0,0,0,1,0,1,3,1
133,89,s,True,84,50,True,52,False,32,False,31,False,19,6,2.553008795,1.051836967,1.704306126,Purpura,NA,pocos,senal,4 AS,1,1,0,1,0,1,0,1,0,1,0,1,0,4,1
134,159,s,True,85,50,True,53,False,32,False,31,False,19,6,3.154460192,1.653270006,1.604011059,Verde,NA,pocos,senal,4 AS,1,1,0,1,0,1,0,1,0,1,0,1,0,4,1
136,97,s,True,87,50,True,54,False,33,False,31,False,19,6,2.65429616,1.153180122,1.403983831,Naranja,NA,pocos,senal,4 AS,1,1,0,1,0,1,0,1,0,1,0,1,0,4,1
137,435,n,False,87,51,False,54,False,33,False,31,True,20,2,3.552033186,2.050883055,2.105720043,Verde,NA,muchos,senal,3 BS,0,0,0,0,0,0,0,0,0,1,0,1,0,2,0
138,488,n,True,88,51,False,54,True,34,False,31,False,20,1,1.950697899,0.44985795,1.203047991,Azul,NA,muchos,ruido,2 BN,0,0,0,0,0,0,0,0,0,0,0,0,1,3,1
139,371,s,True,89,51,True,55,False,34,False,31,False,20,4,4.955559015,3.454468012,1.30389595,Azul,NA,muchos,senal,3 BS,1,0,0,0,0,1,0,1,0,1,0,1,0,4,1
140,519,n,True,90,51,False,55,True,35,False,31,False,20,1,2.352668047,0.8518641,1.403496981,Purpura,NA,muchos,ruido,2 BN,0,0,0,0,0,0,0,0,0,0,0,0,1,3,1
141,193,s,False,90,52,False,55,False,35,True,32,False,20,6,3.056447983,1.555312872,0.501581192,Naranja,NA,pocos,ruido,1 AN,1,0,1,0,1,0,1,0,1,0,1,0,1,1,0
142,352,n,False,90,53,False,55,False,35,False,32,True,21,3,2.140098095,0.638877869,1.804348946,Azul,NA,muchos,senal,3 BS,0,0,0,0,0,0,0,1,0,1,0,1,0,2,0
143,242,s,False,90,54,False,55,False,35,True,33,False,21,6,2.950325012,1.449213982,1.203262091,Verde,NA,pocos,ruido,1 AN,1,0,1,0,1,0,1,0,1,0,1,0,1,1,0
144,22,s,True,91,54,True,56,False,35,False,33,False,21,5,3.55160284,2.050523996,1.503962994,Purpura,NA,pocos,senal,4 AS,1,0,0,1,0,1,0,1,0,1,0,1,0,4,1
145,164,s,False,91,55,False,56,False,35,True,34,False,21,6,2.955047846,1.453950882,2.80747509,Azul,NA,pocos,ruido,1 AN,1,0,1,0,1,0,1,0,1,0,1,0,1,1,0
146,107,s,True,92,55,True,57,False,35,False,34,False,21,6,2.553646088,1.052529097,1.204391003,Naranja,NA,pocos,senal,4 AS,1,1,0,1,0,1,0,1,0,1,0,1,0,4,1
147,333,n,False,92,56,False,57,False,35,False,34,True,22,2,2.549278021,1.048158169,1.804656029,Azul,NA,muchos,senal,3 BS,0,0,0,0,0,0,0,0,0,1,0,1,0,2,0
148,217,s,False,92,57,False,57,False,35,True,35,False,22,6,4.157763958,2.656629801,1.403388977,Purpura,NA,pocos,ruido,1 AN,1,0,1,0,1,0,1,0,1,0,1,0,1,1,0
149,65,s,True,93,57,True,58,False,35,False,35,False,22,6,2.75415802,1.253010035,1.202967167,Naranja,NA,pocos,senal,4 AS,1,1,0,1,0,1,0,1,0,1,0,1,0,4,1
150,531,s,False,93,58,False,58,False,35,True,36,False,22,6,2.749387026,1.248337984,0.50127697,Verde,NA,muchos,ruido,2 BN,1,0,1,0,1,0,1,0,1,0,1,0,1,1,0
151,461,s,True,94,58,True,59,False,35,False,36,False,22,6,2.14822197,0.647091866,0.601464987,Purpura,NA,muchos,senal,3 BS,1,1,0,1,0,1,0,1,0,1,0,1,0,4,1
152,47,s,True,95,58,True,60,False,35,False,36,False,22,5,2.950724125,1.449669123,1.002891064,Verde,NA,pocos,senal,4 AS,1,0,0,1,0,1,0,1,0,1,0,1,0,4,1
153,189,n,True,96,58,False,60,True,36,False,36,False,22,2,2.755428076,1.254899979,3.107588053,Azul,NA,pocos,ruido,1 AN,0,0,0,0,0,0,0,0,0,0,1,0,1,3,1
154,427,s,True,97,58,True,61,False,36,False,36,False,22,6,2.950008869,1.448928833,1.202975035,Azul,NA,muchos,senal,3 BS,1,1,0,1,0,1,0,1,0,1,0,1,0,4,1
155,487,n,True,98,58,False,61,True,37,False,36,False,22,1,2.653837919,1.152740955,0.802047968,Purpura,NA,muchos,ruido,2 BN,0,0,0,0,0,0,0,0,0,0,0,0,1,3,1
156,102,s,True,99,58,True,62,False,37,False,36,False,22,6,3.356319904,1.855882883,1.303265095,Purpura,NA,pocos,senal,4 AS,1,1,0,1,0,1,0,1,0,1,0,1,0,4,1
157,502,n,True,100,58,False,62,True,38,False,36,False,22,1,4.152688026,2.651566029,1.102676153,Verde,NA,muchos,ruido,2 BN,0,0,0,0,0,0,0,0,0,0,0,0,1,3,1
158,129,s,True,101,58,True,63,False,38,False,36,False,22,6,2.553421021,1.052418947,1.203145027,Naranja,NA,pocos,senal,4 AS,1,1,0,1,0,1,0,1,0,1,0,1,0,4,1
159,99,s,True,102,58,True,64,False,38,False,36,False,22,6,2.653979063,1.152817965,1.503495932,Purpura,NA,pocos,senal,4 AS,1,1,0,1,0,1,0,1,0,1,0,1,0,4,1
160,504,n,True,103,58,False,64,True,39,False,36,False,22,1,3.752674103,2.25158,0.601608038,Azul,NA,muchos,ruido,2 BN,0,0,0,0,0,0,0,0,0,0,0,0,1,3,1
161,251,s,False,103,59,False,64,False,39,True,37,False,22,6,2.553986788,1.052893877,1.102965117,Naranja,NA,pocos,ruido,1 AN,1,0,1,0,1,0,1,0,1,0,1,0,1,1,0
163,165,n,True,105,59,False,64,True,41,False,37,False,22,3,2.755025864,1.254816055,1.503921032,Verde,NA,pocos,ruido,1 AN,0,0,0,0,0,0,0,0,1,0,1,0,1,3,1
164,241,s,False,105,60,False,64,False,41,True,38,False,22,6,2.855048895,1.353882074,1.303180218,Naranja,NA,pocos,ruido,1 AN,1,0,1,0,1,0,1,0,1,0,1,0,1,1,0
165,501,n,True,106,60,False,64,True,42,False,38,False,22,2,2.149482012,0.648369074,1.40359807,Naranja,NA,muchos,ruido,2 BN,0,0,0,0,0,0,0,0,0,0,1,0,1,3,1
166,245,n,True,107,60,False,64,True,43,False,38,False,22,3,2.75406003,1.253877163,1.403504848,Verde,NA,pocos,ruido,1 AN,0,0,0,0,0,0,0,0,1,0,1,0,1,3,1
167,335,n,False,107,61,False,64,False,43,False,38,True,23,2,2.348949909,0.847900867,4.310837984,Purpura,NA,muchos,senal,3 BS,0,0,0,0,0,0,0,0,0,1,0,1,0,2,0
168,485,n,True,108,61,False,64,True,44,False,38,False,23,1,3.856743813,2.355829954,1.002688885,Naranja,NA,muchos,ruido,2 BN,0,0,0,0,0,0,0,0,0,0,0,0,1,3,1
169,35,s,True,109,61,True,65,False,44,False,38,False,23,6,2.353076935,0.851980209,0.902343035,Purpura,NA,pocos,senal,4 AS,1,1,0,1,0,1,0,1,0,1,0,1,0,4,1
170,372,n,False,109,62,False,65,False,44,False,38,True,24,1,4.253381014,2.752306938,1.503787994,Naranja,NA,muchos,senal,3 BS,0,0,0,0,0,0,0,0,0,0,0,1,0,2,0
171,154,s,True,110,62,True,66,False,44,False,38,False,24,6,2.653065205,1.151926994,0.601604223,Azul,NA,pocos,senal,4 AS,1,1,0,1,0,1,0,1,0,1,0,1,0,4,1
172,85,s,True,111,62,True,67,False,44,False,38,False,24,6,2.649116039,1.148290157,0.902117968,Verde,NA,pocos,senal,4 AS,1,1,0,1,0,1,0,1,0,1,0,1,0,4,1
173,336,s,True,112,62,True,68,False,44,False,38,False,24,5,3.051010132,1.54994297,0.702315092,Azul,NA,muchos,senal,3 BS,1,0,0,1,0,1,0,1,0,1,0,1,0,4,1
174,419,s,True,113,62,True,69,False,44,False,38,False,24,6,2.653198004,1.152543783,1.70449996,Naranja,NA,muchos,senal,3 BS,1,1,0,1,0,1,0,1,0,1,0,1,0,4,1
175,267,s,False,113,63,False,69,False,44,True,39,False,24,6,2.741242886,1.240082979,1.403427124,Naranja,NA,pocos,ruido,1 AN,1,0,1,0,1,0,1,0,1,0,1,0,1,1,0
176,551,n,True,114,63,False,69,True,45,False,39,False,24,1,2.652956963,1.15255785,1.204334021,Purpura,NA,muchos,ruido,2 BN,0,0,0,0,0,0,0,0,0,0,0,0,1,3,1
177,185,s,False,114,64,False,69,False,45,True,40,False,24,6,2.554514885,1.053353071,0.701617002,Purpura,NA,pocos,ruido,1 AN,1,0,1,0,1,0,1,0,1,0,1,0,1,1,0
178,394,n,False,114,65,False,69,False,45,False,40,True,25,3,3.352365971,1.851322889,0.702017069,Azul,NA,muchos,senal,3 BS,0,0,0,0,0,0,0,1,0,1,0,1,0,2,0
179,247,n,True,115,65,False,69,True,46,False,40,False,25,3,2.650509119,1.149372101,0.601644993,Azul,NA,pocos,ruido,1 AN,0,0,0,0,0,0,0,0,1,0,1,0,1,3,1
181,113,s,True,117,65,True,70,False,47,False,40,False,25,6,3.555175066,2.054042101,1.203255892,Naranja,NA,pocos,senal,4 AS,1,1,0,1,0,1,0,1,0,1,0,1,0,4,1
182,213,s,False,117,66,False,70,False,47,True,41,False,25,5,4.153100014,2.652008057,0.601626158,Verde,NA,pocos,ruido,1 AN,1,0,0,0,1,0,1,0,1,0,1,0,1,1,0
183,238,n,True,118,66,False,70,True,48,False,41,False,25,2,6.458466053,4.95737195,1.504240036,Naranja,NA,pocos,ruido,1 AN,0,0,0,0,0,0,0,0,0,0,1,0,1,3,1
185,255,n,True,120,66,False,70,True,50,False,41,False,25,2,2.353096962,0.852664948,1.102989912,Verde,NA,pocos,ruido,1 AN,0,0,0,0,0,0,0,0,0,0,1,0,1,3,1
186,515,s,False,120,67,False,70,False,50,True,42,False,25,6,2.051273823,0.550952911,0.601691008,Verde,NA,muchos,ruido,2 BN,1,0,1,0,1,0,1,0,1,0,1,0,1,1,0
187,234,s,False,120,68,False,70,False,50,True,43,False,25,6,2.242547989,0.741327047,0.602106094,Azul,NA,pocos,ruido,1 AN,1,0,1,0,1,0,1,0,1,0,1,0,1,1,0
188,433,s,True,121,68,True,71,False,50,False,43,False,25,6,2.549115896,1.048035145,0.401141882,Azul,NA,muchos,senal,3 BS,1,1,0,1,0,1,0,1,0,1,0,1,0,4,1
190,200,n,True,123,68,False,71,True,52,False,43,False,25,2,2.153866053,0.653004169,1.504143,Naranja,NA,pocos,ruido,1 AN,0,0,0,0,0,0,0,0,0,0,1,0,1,3,1
191,136,s,True,124,68,True,72,False,52,False,43,False,25,6,2.154613018,0.653465033,1.002649069,Naranja,NA,pocos,senal,4 AS,1,1,0,1,0,1,0,1,0,1,0,1,0,4,1
192,522,s,False,124,69,False,72,False,52,True,44,False,25,6,2.448017836,0.946832895,0.902534962,Purpura,NA,muchos,ruido,2 BN,1,0,1,0,1,0,1,0,1,0,1,0,1,1,0
193,469,s,True,125,69,True,73,False,52,False,44,False,25,6,2.549186945,1.048774958,0.601891994,Naranja,NA,muchos,senal,3 BS,1,1,0,1,0,1,0,1,0,1,0,1,0,4,1
194,91,s,True,126,69,True,74,False,52,False,44,False,25,6,2.453392982,0.952264071,0.501883984,Naranja,NA,pocos,senal,4 AS,1,1,0,1,0,1,0,1,0,1,0,1,0,4,1
195,54,n,False,126,70,False,74,False,52,False,44,True,26,3,3.152173996,1.651025057,0.902130127,Purpura,NA,pocos,senal,4 AS,0,0,0,0,0,0,0,1,0,1,0,1,0,2,0
196,382,n,False,126,71,False,74,False,52,False,44,True,27,3,1.952147007,0.451178789,1.604476213,Naranja,NA,muchos,senal,3 BS,0,0,0,0,0,0,0,1,0,1,0,1,0,2,0
197,198,n,True,127,71,False,74,True,53,False,44,False,27,3,2.45344305,0.95234704,1.102797985,Purpura,NA,pocos,ruido,1 AN,0,0,0,0,0,0,0,0,1,0,1,0,1,3,1
198,127,s,True,128,71,True,75,False,53,False,44,False,27,6,2.052661181,0.551969051,1.002534151,Verde,NA,pocos,senal,4 AS,1,1,0,1,0,1,0,1,0,1,0,1,0,4,1
199,399,s,True,129,71,True,76,False,53,False,44,False,27,5,3.95220089,2.451057911,1.203517914,Purpura,NA,muchos,senal,3 BS,1,0,0,1,0,1,0,1,0,1,0,1,0,4,1
200,464,s,True,130,71,True,77,False,53,False,44,False,27,6,2.449105024,0.94788599,0.501421928,Verde,NA,muchos,senal,3 BS,1,1,0,1,0,1,0,1,0,1,0,1,0,4,1
201,271,n,True,131,71,False,77,True,54,False,44,False,27,1,2.65067482,1.149623871,1.102936983,Verde,NA,pocos,ruido,1 AN,0,0,0,0,0,0,0,0,0,0,0,0,1,3,1
203,170,s,False,132,72,False,77,False,55,True,45,False,27,6,2.349730968,0.848605871,0.90227294,Azul,NA,pocos,ruido,1 AN,1,0,1,0,1,0,1,0,1,0,1,0,1,1,0
204,208,n,True,133,72,False,77,True,56,False,45,False,27,1,1.941035986,0.439877033,1.002707005,Purpura,NA,pocos,ruido,1 AN,0,0,0,0,0,0,0,0,0,0,0,0,1,3,1
205,135,s,True,134,72,True,78,False,56,False,45,False,27,6,2.553678036,1.052584171,0.802052975,Azul,NA,pocos,senal,4 AS,1,1,0,1,0,1,0,1,0,1,0,1,0,4,1
206,503,n,True,135,72,False,78,True,57,False,45,False,27,1,1.954126835,0.452960014,1.203113079,Purpura,NA,muchos,ruido,2 BN,0,0,0,0,0,0,0,0,0,0,0,0,1,3,1
207,483,s,False,135,73,False,78,False,57,True,46,False,27,6,2.552943945,1.052652836,0.801965952,Verde,NA,muchos,ruido,2 BN,1,0,1,0,1,0,1,0,1,0,1,0,1,1,0
208,413,s,True,136,73,True,79,False,57,False,46,False,27,6,2.653511047,1.152833939,1.002499819,Naranja,NA,muchos,senal,3 BS,1,1,0,1,0,1,0,1,0,1,0,1,0,4,1
209,110,s,True,137,73,True,80,False,57,False,46,False,27,6,2.651257992,1.150146008,0.501314163,Naranja,NA,pocos,senal,4 AS,1,1,0,1,0,1,0,1,0,1,0,1,0,4,1
210,321,s,True,138,73,True,81,False,57,False,46,False,27,6,2.55312109,1.052189112,0.602077007,Naranja,NA,muchos,senal,3 BS,1,1,0,1,0,1,0,1,0,1,0,1,0,4,1
211,543,n,True,139,73,False,81,True,58,False,46,False,27,2,2.051776886,0.551182032,1.403515816,Naranja,NA,muchos,ruido,2 BN,0,0,0,0,0,0,0,0,0,0,1,0,1,3,1
212,498,s,False,139,74,False,81,False,58,True,47,False,27,6,2.655138016,1.154085159,0.601281881,Naranja,NA,muchos,ruido,2 BN,1,0,1,0,1,0,1,0,1,0,1,0,1,1,0
213,384,n,False,139,75,False,81,False,58,False,47,True,28,2,2.950131893,1.449013948,1.603991032,Azul,NA,muchos,senal,3 BS,0,0,0,0,0,0,0,0,0,1,0,1,0,2,0
214,529,s,False,139,76,False,81,False,58,True,48,False,28,6,2.549659014,1.048455,1.303189993,Azul,NA,muchos,ruido,2 BN,1,0,1,0,1,0,1,0,1,0,1,0,1,1,0
215,151,s,True,140,76,True,82,False,58,False,48,False,28,6,2.755301952,1.254230976,1.002754927,Azul,NA,pocos,senal,4 AS,1,1,0,1,0,1,0,1,0,1,0,1,0,4,1
216,505,s,False,140,77,False,82,False,58,True,49,False,28,6,2.752294064,1.251716852,1.503761053,Verde,NA,muchos,ruido,2 BN,1,0,1,0,1,0,1,0,1,0,1,0,1,1,0
217,125,s,True,141,77,True,83,False,58,False,49,False,28,6,2.855523109,1.354453087,0.701983929,Azul,NA,pocos,senal,4 AS,1,1,0,1,0,1,0,1,0,1,0,1,0,4,1
218,278,n,True,142,77,False,83,True,59,False,49,False,28,2,2.654979944,1.153889894,1.503752947,Purpura,NA,pocos,ruido,1 AN,0,0,0,0,0,0,0,0,0,0,1,0,1,3,1
219,277,n,True,143,77,False,83,True,60,False,49,False,28,2,2.253023148,0.751936197,1.303030014,Verde,NA,pocos,ruido,1 AN,0,0,0,0,0,0,0,0,0,0,1,0,1,3,1
220,512,n,True,144,77,False,83,True,61,False,49,False,28,1,1.951856852,0.451292038,1.102730036,Verde,NA,muchos,ruido,2 BN,0,0,0,0,0,0,0,0,0,0,0,0,1,3,1
221,124,s,True,145,77,True,84,False,61,False,49,False,28,6,2.754585028,1.253421068,0.501581907,Verde,NA,pocos,senal,4 AS,1,1,0,1,0,1,0,1,0,1,0,1,0,4,1
222,150,s,True,146,77,True,85,False,61,False,49,False,28,6,2.353363037,0.852241039,0.501548052,Purpura,NA,pocos,senal,4 AS,1,1,0,1,0,1,0,1,0,1,0,1,0,4,1
223,472,s,True,147,77,True,86,False,61,False,49,False,28,6,2.062201977,0.561059952,0.401250839,Azul,NA,muchos,senal,3 BS,1,1,0,1,0,1,0,1,0,1,0,1,0,4,1
224,266,s,False,147,78,False,86,False,61,True,50,False,28,6,2.255181074,0.753988028,0.401255131,Azul,NA,pocos,ruido,1 AN,1,0,1,0,1,0,1,0,1,0,1,0,1,1,0
225,149,s,True,148,78,True,87,False,61,False,50,False,28,6,2.052645922,0.552153826,1.203462839,Verde,NA,pocos,senal,4 AS,1,1,0,1,0,1,0,1,0,1,0,1,0,4,1
226,366,n,False,148,79,False,87,False,61,False,50,True,29,3,2.849807024,1.349318028,1.303337097,Naranja,NA,muchos,senal,3 BS,0,0,0,0,0,0,0,1,0,1,0,1,0,2,0
227,12,s,True,149,79,True,88,False,61,False,50,False,29,6,2.549233913,1.04815197,0.702176094,Verde,NA,pocos,senal,4 AS,1,1,0,1,0,1,0,1,0,1,0,1,0,4,1
228,420,n,False,149,80,False,88,False,61,False,50,True,30,3,2.253025055,0.752031088,1.102823973,Verde,NA,muchos,senal,3 BS,0,0,0,0,0,0,0,1,0,1,0,1,0,2,0
230,565,n,True,151,80,False,88,True,63,False,50,False,30,1,2.849977016,1.34880805,0.802379131,Naranja,NA,muchos,ruido,2 BN,0,0,0,0,0,0,0,0,0,0,0,0,1,3,1
232,376,n,False,152,81,False,88,False,64,False,50,True,31,1,2.45432806,0.953209877,1.303817987,Verde,NA,muchos,senal,3 BS,0,0,0,0,0,0,0,0,0,0,0,1,0,2,0
233,574,n,True,153,81,False,88,True,65,False,50,False,31,1,3.555361986,2.054672003,0.701699018,Azul,NA,muchos,ruido,2 BN,0,0,0,0,0,0,0,0,0,0,0,0,1,3,1
234,345,s,True,154,81,True,89,False,65,False,50,False,31,5,2.853189945,1.352638006,0.70183897,Purpura,NA,muchos,senal,3 BS,1,0,0,1,0,1,0,1,0,1,0,1,0,4,1
235,264,n,True,155,81,False,89,True,66,False,50,False,31,2,2.253112793,0.751920938,1.603925943,Naranja,NA,pocos,ruido,1 AN,0,0,0,0,0,0,0,0,0,0,1,0,1,3,1
236,186,s,False,155,82,False,89,False,66,True,51,False,31,6,2.653841972,1.152727127,1.103260994,Azul,NA,pocos,ruido,1 AN,1,0,1,0,1,0,1,0,1,0,1,0,1,1,0
237,544,n,True,156,82,False,89,True,67,False,51,False,31,1,2.252853155,0.752027035,1.705143929,Verde,NA,muchos,ruido,2 BN,0,0,0,0,0,0,0,0,0,0,0,0,1,3,1
238,374,s,True,157,82,True,90,False,67,False,51,False,31,6,2.750899076,1.24973321,0.601630926,Purpura,NA,muchos,senal,3 BS,1,1,0,1,0,1,0,1,0,1,0,1,0,4,1
239,470,s,True,158,82,True,91,False,67,False,51,False,31,6,2.248339176,0.747460127,1.102710962,Verde,NA,muchos,senal,3 BS,1,1,0,1,0,1,0,1,0,1,0,1,0,4,1
240,6,s,True,159,82,True,92,False,67,False,51,False,31,6,2.65387702,1.152829885,1.002626181,Purpura,NA,pocos,senal,4 AS,1,1,0,1,0,1,0,1,0,1,0,1,0,4,1
241,202,s,False,159,83,False,92,False,67,True,52,False,31,6,2.248236895,0.747071028,0.601799011,Azul,NA,pocos,ruido,1 AN,1,0,1,0,1,0,1,0,1,0,1,0,1,1,0
242,351,s,True,160,83,True,93,False,67,False,52,False,31,5,3.053994894,1.553193092,0.902761936,Purpura,NA,muchos,senal,3 BS,1,0,0,1,0,1,0,1,0,1,0,1,0,4,1
243,28,s,True,161,83,True,94,False,67,False,52,False,31,5,2.55467701,1.053602934,1.20360899,Verde,NA,pocos,senal,4 AS,1,0,0,1,0,1,0,1,0,1,0,1,0,4,1
244,444,s,True,162,83,True,95,False,67,False,52,False,31,6,2.452589989,0.95191288,1.102860928,Naranja,NA,muchos,senal,3 BS,1,1,0,1,0,1,0,1,0,1,0,1,0,4,1
245,360,s,True,163,83,True,96,False,67,False,52,False,31,5,3.355129004,1.854456902,0.70271492,Verde,NA,muchos,senal,3 BS,1,0,0,1,0,1,0,1,0,1,0,1,0,4,1
246,548,s,False,163,84,False,96,False,67,True,53,False,31,6,2.0397439,0.538612127,1.002772808,Purpura,NA,muchos,ruido,2 BN,1,0,1,0,1,0,1,0,1,0,1,0,1,1,0
247,222,n,True,164,84,False,96,True,68,False,53,False,31,3,3.155477047,1.654335976,1.804538012,Naranja,NA,pocos,ruido,1 AN,0,0,0,0,0,0,0,0,1,0,1,0,1,3,1
248,391,s,True,165,84,True,97,False,68,False,53,False,31,5,2.552853107,1.052606106,0.501368999,Naranja,NA,muchos,senal,3 BS,1,0,0,1,0,1,0,1,0,1,0,1,0,4,1
249,30,s,True,166,84,True,98,False,68,False,53,False,31,6,3.055069923,1.554806948,2.105336905,Naranja,NA,pocos,senal,4 AS,1,1,0,1,0,1,0,1,0,1,0,1,0,4,1
250,465,s,True,167,84,True,99,False,68,False,53,False,31,6,2.650518894,1.149380922,1.102910042,Azul,NA,muchos,senal,3 BS,1,1,0,1,0,1,0,1,0,1,0,1,0,4,1
251,410,s,True,168,84,True,100,False,68,False,53,False,31,6,2.55278492,1.052148819,1.002508879,Azul,NA,muchos,senal,3 BS,1,1,0,1,0,1,0,1,0,1,0,1,0,4,1
253,473,s,True,170,84,True,101,False,69,False,53,False,31,6,2.552773952,1.05211401,0.60165906,Verde,NA,muchos,senal,3 BS,1,1,0,1,0,1,0,1,0,1,0,1,0,4,1
254,377,s,True,171,84,True,102,False,69,False,53,False,31,6,3.05337882,1.55271697,0.501968861,Purpura,NA,muchos,senal,3 BS,1,1,0,1,0,1,0,1,0,1,0,1,0,4,1
255,276,s,False,171,85,False,102,False,69,True,54,False,31,6,3.356112957,1.854892969,0.601586103,Azul,NA,pocos,ruido,1 AN,1,0,1,0,1,0,1,0,1,0,1,0,1,1,0
256,262,n,True,172,85,False,102,True,70,False,54,False,31,2,2.855381012,1.35432601,2.206341028,Purpura,NA,pocos,ruido,1 AN,0,0,0,0,0,0,0,0,0,0,1,0,1,3,1
257,226,s,False,172,86,False,102,False,70,True,55,False,31,6,3.054636955,1.553524971,1.203870058,Verde,NA,pocos,ruido,1 AN,1,0,1,0,1,0,1,0,1,0,1,0,1,1,0
258,231,s,False,172,87,False,102,False,70,True,56,False,31,5,3.255733967,1.754673004,0.601967812,Azul,NA,pocos,ruido,1 AN,1,0,0,0,1,0,1,0,1,0,1,0,1,1,0
260,596,s,False,173,88,False,102,False,71,True,57,False,31,6,2.047737837,0.546614885,1.604219913,Purpura,NA,muchos,ruido,2 BN,1,0,1,0,1,0,1,0,1,0,1,0,1,1,0
262,117,s,True,175,88,True,103,False,72,False,57,False,31,6,2.753642082,1.252552986,2.205324888,Verde,NA,pocos,senal,4 AS,1,1,0,1,0,1,0,1,0,1,0,1,0,4,1
263,61,s,True,176,88,True,104,False,72,False,57,False,31,6,2.453738213,0.95264101,0.70215106,Azul,NA,pocos,senal,4 AS,1,1,0,1,0,1,0,1,0,1,0,1,0,4,1
264,438,s,True,177,88,True,105,False,72,False,57,False,31,5,2.950088978,1.448920965,0.80240798,Verde,NA,muchos,senal,3 BS,1,0,0,1,0,1,0,1,0,1,0,1,0,4,1
265,492,s,False,177,89,False,105,False,72,True,58,False,31,6,2.548511982,1.047811031,0.701838017,Naranja,NA,muchos,ruido,2 BN,1,0,1,0,1,0,1,0,1,0,1,0,1,1,0
266,142,s,True,178,89,True,106,False,72,False,58,False,31,6,2.548857927,1.048256874,1.002810001,Naranja,NA,pocos,senal,4 AS,1,1,0,1,0,1,0,1,0,1,0,1,0,4,1
267,407,s,True,179,89,True,107,False,72,False,58,False,31,6,2.650527954,1.149461031,0.802057028,Naranja,NA,muchos,senal,3 BS,1,1,0,1,0,1,0,1,0,1,0,1,0,4,1
268,254,n,True,180,89,False,107,True,73,False,58,False,31,2,2.154116154,0.6529181,1.50375104,Naranja,NA,pocos,ruido,1 AN,0,0,0,0,0,0,0,0,0,0,1,0,1,3,1
269,373,n,False,180,90,False,107,False,73,False,58,True,32,3,3.250673056,1.749516964,1.303266048,Verde,NA,muchos,senal,3 BS,0,0,0,0,0,0,0,1,0,1,0,1,0,2,0
270,78,n,False,180,91,False,107,False,73,False,58,True,33,2,2.549124002,1.048037052,1.404119015,Naranja,NA,pocos,senal,4 AS,0,0,0,0,0,0,0,0,0,1,0,1,0,2,0
271,118,s,True,181,91,True,108,False,73,False,58,False,33,6,2.749849081,1.248701811,0.701674938,Purpura,NA,pocos,senal,4 AS,1,1,0,1,0,1,0,1,0,1,0,1,0,4,1
272,174,n,True,182,91,False,108,True,74,False,58,False,33,1,2.048124075,0.547039986,1.002580881,Naranja,NA,pocos,ruido,1 AN,0,0,0,0,0,0,0,0,0,0,0,0,1,3,1
273,380,s,True,183,91,True,109,False,74,False,58,False,33,5,2.641364098,1.140254021,0.502053976,Purpura,NA,muchos,senal,3 BS,1,0,0,1,0,1,0,1,0,1,0,1,0,4,1
274,460,s,True,184,91,True,110,False,74,False,58,False,33,5,2.550006866,1.048949003,1.804945946,Naranja,NA,muchos,senal,3 BS,1,0,0,1,0,1,0,1,0,1,0,1,0,4,1
275,131,s,True,185,91,True,111,False,74,False,58,False,33,5,1.852375984,0.351268053,1.603820086,Purpura,NA,pocos,senal,4 AS,1,0,0,1,0,1,0,1,0,1,0,1,0,4,1
276,588,s,False,185,92,False,111,False,74,True,59,False,33,5,1.847523928,0.346370935,1.604014158,Naranja,NA,muchos,ruido,2 BN,1,0,0,0,1,0,1,0,1,0,1,0,1,1,0
277,44,n,False,185,93,False,111,False,74,False,59,True,34,3,4.647571087,3.146800995,0.501372099,Verde,NA,pocos,senal,4 AS,0,0,0,0,0,0,0,1,0,1,0,1,0,2,0
278,507,s,False,185,94,False,111,False,74,True,60,False,34,6,2.55302,1.052096128,0.502293825,Azul,NA,muchos,ruido,2 BN,1,0,1,0,1,0,1,0,1,0,1,0,1,1,0
279,466,s,True,186,94,True,112,False,74,False,60,False,34,6,2.548654079,1.047554016,0.701861143,Naranja,NA,muchos,senal,3 BS,1,1,0,1,0,1,0,1,0,1,0,1,0,4,1
280,467,s,True,187,94,True,113,False,74,False,60,False,34,6,2.550448895,1.04931879,0.501410961,Verde,NA,muchos,senal,3 BS,1,1,0,1,0,1,0,1,0,1,0,1,0,4,1
281,116,s,True,188,94,True,114,False,74,False,60,False,34,6,2.955955029,1.454757929,0.701805115,Azul,NA,pocos,senal,4 AS,1,1,0,1,0,1,0,1,0,1,0,1,0,4,1
282,326,n,False,188,95,False,114,False,74,False,60,True,35,3,2.553195953,1.052214146,1.704119205,Purpura,NA,muchos,senal,3 BS,0,0,0,0,0,0,0,1,0,1,0,1,0,2,0
284,19,s,True,190,95,True,115,False,75,False,60,False,35,5,3.151731968,1.650497913,0.701706886,Purpura,NA,pocos,senal,4 AS,1,0,0,1,0,1,0,1,0,1,0,1,0,4,1
285,600,n,True,191,95,False,115,True,76,False,60,False,35,1,2.24947691,0.748286009,1.303054094,Azul,NA,muchos,ruido,2 BN,0,0,0,0,0,0,0,0,0,0,0,0,1,3,1
286,95,s,True,192,95,True,116,False,76,False,60,False,35,6,2.654130936,1.152941942,0.501471996,Verde,NA,pocos,senal,4 AS,1,1,0,1,0,1,0,1,0,1,0,1,0,4,1
287,598,n,True,193,95,False,116,True,77,False,60,False,35,1,1.948026896,0.446846962,1.203417063,Verde,NA,muchos,ruido,2 BN,0,0,0,0,0,0,0,0,0,0,0,0,1,3,1
288,347,s,True,194,95,True,117,False,77,False,60,False,35,5,3.154215097,1.653105974,1.002567768,Verde,NA,muchos,senal,3 BS,1,0,0,1,0,1,0,1,0,1,0,1,0,4,1
289,589,n,True,195,95,False,117,True,78,False,60,False,35,1,2.049098015,0.548014164,1.404104948,Purpura,NA,muchos,ruido,2 BN,0,0,0,0,0,0,0,0,0,0,0,0,1,3,1
290,230,n,True,196,95,False,117,True,79,False,60,False,35,2,2.553597927,1.052495003,1.604148865,Purpura,NA,pocos,ruido,1 AN,0,0,0,0,0,0,0,0,0,0,1,0,1,3,1
291,426,s,True,197,95,True,118,False,79,False,60,False,35,6,5.054366112,3.553195953,0.902558088,Purpura,NA,muchos,senal,3 BS,1,1,0,1,0,1,0,1,0,1,0,1,0,4,1
292,133,s,True,198,95,True,119,False,79,False,60,False,35,6,2.453850031,0.952728033,1.002372026,Verde,NA,pocos,senal,4 AS,1,1,0,1,0,1,0,1,0,1,0,1,0,4,1
293,221,s,False,198,96,False,119,False,79,True,61,False,35,5,3.056040049,1.554919958,0.702364922,Azul,NA,pocos,ruido,1 AN,1,0,0,0,1,0,1,0,1,0,1,0,1,1,0
294,122,s,True,199,96,True,120,False,79,False,61,False,35,6,2.753839016,1.252642155,1.6040802,Azul,NA,pocos,senal,4 AS,1,1,0,1,0,1,0,1,0,1,0,1,0,4,1
295,249,s,False,199,97,False,120,False,79,True,62,False,35,6,2.654196978,1.153003931,0.601718903,Purpura,NA,pocos,ruido,1 AN,1,0,1,0,1,0,1,0,1,0,1,0,1,1,0
297,268,s,False,199,99,False,120,False,79,True,64,False,35,6,2.450374842,0.949381113,0.601800203,Verde,NA,pocos,ruido,1 AN,1,0,1,0,1,0,1,0,1,0,1,0,1,1,0
298,84,s,True,200,99,True,121,False,79,False,64,False,35,6,2.455091,0.954771996,0.501540899,Azul,NA,pocos,senal,4 AS,1,1,0,1,0,1,0,1,0,1,0,1,0,4,1
299,59,s,True,201,99,True,122,False,79,False,64,False,35,6,2.553040981,1.051869869,0.501772165,Naranja,NA,pocos,senal,4 AS,1,1,0,1,0,1,0,1,0,1,0,1,0,4,1
300,45,s,True,202,99,True,123,False,79,False,64,False,35,6,2.749520063,1.248430014,0.501387119,Azul,NA,pocos,senal,4 AS,1,1,0,1,0,1,0,1,0,1,0,1,0,4,1
301,401,s,True,203,99,True,124,False,79,False,64,False,35,6,2.547880173,1.046660185,0.50140214,Naranja,NA,muchos,senal,3 BS,1,1,0,1,0,1,0,1,0,1,0,1,0,4,1
302,362,n,False,203,100,False,124,False,79,False,64,True,36,3,3.050554991,1.549454927,1.603859186,Azul,NA,muchos,senal,3 BS,0,0,0,0,0,0,0,1,0,1,0,1,0,2,0
303,215,n,True,204,100,False,124,True,80,False,64,False,36,3,2.35362196,0.852494001,1.103005886,Azul,NA,pocos,ruido,1 AN,0,0,0,0,0,0,0,0,1,0,1,0,1,3,1
305,109,s,True,206,100,True,125,False,81,False,64,False,36,6,2.241226912,0.740061998,1.403637886,Azul,NA,pocos,senal,4 AS,1,1,0,1,0,1,0,1,0,1,0,1,0,4,1
306,40,s,True,207,100,True,126,False,81,False,64,False,36,6,3.457251072,1.956115961,0.601557016,Naranja,NA,pocos,senal,4 AS,1,1,0,1,0,1,0,1,0,1,0,1,0,4,1
307,37,s,True,208,100,True,127,False,81,False,64,False,36,6,1.751121998,0.250057936,1.10277009,Verde,NA,pocos,senal,4 AS,1,1,0,1,0,1,0,1,0,1,0,1,0,4,1
308,263,n,True,209,100,False,127,True,82,False,64,False,36,1,2.052669048,0.551902056,2.306225061,Azul,NA,pocos,ruido,1 AN,0,0,0,0,0,0,0,0,0,0,0,0,1,3,1
309,561,s,False,209,101,False,127,False,82,True,65,False,36,6,2.449687004,0.949328184,0.501420021,Azul,NA,muchos,ruido,2 BN,1,0,1,0,1,0,1,0,1,0,1,0,1,1,0
310,451,s,True,210,101,True,128,False,82,False,65,False,36,6,2.456343889,0.955508947,0.501392841,Verde,NA,muchos,senal,3 BS,1,1,0,1,0,1,0,1,0,1,0,1,0,4,1
311,269,n,True,211,101,False,128,True,83,False,65,False,36,2,2.051494122,0.551007986,1.403608799,Azul,NA,pocos,ruido,1 AN,0,0,0,0,0,0,0,0,0,0,1,0,1,3,1
312,204,s,False,211,102,False,128,False,83,True,66,False,36,6,2.842764139,1.341490984,0.40170002,Verde,NA,pocos,ruido,1 AN,1,0,1,0,1,0,1,0,1,0,1,0,1,1,0
314,563,s,False,212,103,False,128,False,84,True,67,False,36,6,2.751393795,1.250557899,0.602191925,Verde,NA,muchos,ruido,2 BN,1,0,1,0,1,0,1,0,1,0,1,0,1,1,0
315,190,n,True,213,103,False,128,True,85,False,67,False,36,3,2.25357604,0.75240016,1.404188156,Naranja,NA,pocos,ruido,1 AN,0,0,0,0,0,0,0,0,1,0,1,0,1,3,1
316,406,n,False,213,104,False,128,False,85,False,67,True,37,3,2.652945995,1.152804852,1.002578974,Purpura,NA,muchos,senal,3 BS,0,0,0,0,0,0,0,1,0,1,0,1,0,2,0
317,11,s,True,214,104,True,129,False,85,False,67,False,37,6,2.749191999,1.248137951,0.902565002,Naranja,NA,pocos,senal,4 AS,1,1,0,1,0,1,0,1,0,1,0,1,0,4,1
318,445,s,True,215,104,True,130,False,85,False,67,False,37,6,3.157746077,1.656589985,1.203138828,Purpura,NA,muchos,senal,3 BS,1,1,0,1,0,1,0,1,0,1,0,1,0,4,1
319,236,s,False,215,105,False,130,False,85,True,68,False,37,6,2.942353964,1.441152811,0.902667046,Verde,NA,pocos,ruido,1 AN,1,0,1,0,1,0,1,0,1,0,1,0,1,1,0
321,383,n,False,216,106,False,130,False,86,False,68,True,38,2,2.555121183,1.054794073,1.002722979,Purpura,NA,muchos,senal,3 BS,0,0,0,0,0,0,0,0,0,1,0,1,0,2,0
322,370,s,True,217,106,True,131,False,86,False,68,False,38,5,2.849936008,1.349215031,2.205732822,Verde,NA,muchos,senal,3 BS,1,0,0,1,0,1,0,1,0,1,0,1,0,4,1
323,27,s,True,218,106,True,132,False,86,False,68,False,38,6,2.654544115,1.153430939,1.103377819,Naranja,NA,pocos,senal,4 AS,1,1,0,1,0,1,0,1,0,1,0,1,0,4,1
324,510,n,True,219,106,False,132,True,87,False,68,False,38,2,1.847412109,0.346291065,1.303457975,Azul,NA,muchos,ruido,2 BN,0,0,0,0,0,0,0,0,0,0,1,0,1,3,1
325,508,s,False,219,107,False,132,False,87,True,69,False,38,6,2.151963949,0.651503086,0.50130105,Naranja,NA,muchos,ruido,2 BN,1,0,1,0,1,0,1,0,1,0,1,0,1,1,0
326,404,s,True,220,107,True,133,False,87,False,69,False,38,6,2.648769856,1.147662878,0.401175022,Naranja,NA,muchos,senal,3 BS,1,1,0,1,0,1,0,1,0,1,0,1,0,4,1
327,207,n,True,221,107,False,133,True,88,False,69,False,38,2,1.947463989,0.446241856,1.403856993,Verde,NA,pocos,ruido,1 AN,0,0,0,0,0,0,0,0,0,0,1,0,1,3,1
328,120,s,True,222,107,True,134,False,88,False,69,False,38,6,2.252998829,0.751924992,0.401731014,Naranja,NA,pocos,senal,4 AS,1,1,0,1,0,1,0,1,0,1,0,1,0,4,1
330,243,s,False,222,109,False,134,False,88,True,71,False,38,6,1.851859093,0.350743055,0.60162282,Purpura,NA,pocos,ruido,1 AN,1,0,1,0,1,0,1,0,1,0,1,0,1,1,0
332,481,s,False,223,110,False,134,False,89,True,72,False,38,6,2.653748989,1.15279007,0.601433039,Azul,NA,muchos,ruido,2 BN,1,0,1,0,1,0,1,0,1,0,1,0,1,1,0
333,52,s,True,224,110,True,135,False,89,False,72,False,38,5,3.250831842,1.749600887,0.701817989,Azul,NA,pocos,senal,4 AS,1,0,0,1,0,1,0,1,0,1,0,1,0,4,1
334,499,s,False,224,111,False,135,False,89,True,73,False,38,6,2.449007988,0.948856115,1.002588034,Verde,NA,muchos,ruido,2 BN,1,0,1,0,1,0,1,0,1,0,1,0,1,1,0
335,229,n,True,225,111,False,135,True,90,False,73,False,38,2,2.05380106,0.552685022,1.905099154,Verde,NA,pocos,ruido,1 AN,0,0,0,0,0,0,0,0,0,0,1,0,1,3,1
336,583,n,True,226,111,False,135,True,91,False,73,False,38,1,3.352792025,1.851598978,1.203171015,Purpura,NA,muchos,ruido,2 BN,0,0,0,0,0,0,0,0,0,0,0,0,1,3,1
337,458,s,True,227,111,True,136,False,91,False,73,False,38,6,2.349622011,0.848502874,0.501248121,Purpura,NA,muchos,senal,3 BS,1,1,0,1,0,1,0,1,0,1,0,1,0,4,1
338,274,n,True,228,111,False,136,True,92,False,73,False,38,2,2.949173927,1.44795084,2.30586791,Verde,NA,pocos,ruido,1 AN,0,0,0,0,0,0,0,0,0,0,1,0,1,3,1
339,586,s,False,228,112,False,136,False,92,True,74,False,38,6,2.649966002,1.149291992,0.501288891,Purpura,NA,muchos,ruido,2 BN,1,0,1,0,1,0,1,0,1,0,1,0,1,1,0
340,172,s,False,228,113,False,136,False,92,True,75,False,38,6,2.24892211,0.747812033,0.300763845,Verde,NA,pocos,ruido,1 AN,1,0,1,0,1,0,1,0,1,0,1,0,1,1,0
341,50,n,False,228,114,False,136,False,92,False,75,True,39,3,2.049170017,0.547970057,2.105171919,Verde,NA,pocos,senal,4 AS,0,0,0,0,0,0,0,1,0,1,0,1,0,2,0
342,157,s,True,229,114,True,137,False,92,False,75,False,39,6,2.052918911,0.551653147,0.40116787,Azul,NA,pocos,senal,4 AS,1,1,0,1,0,1,0,1,0,1,0,1,0,4,1
343,556,s,False,229,115,False,137,False,92,True,76,False,39,6,2.749488115,1.248382092,0.802626848,Naranja,NA,muchos,ruido,2 BN,1,0,1,0,1,0,1,0,1,0,1,0,1,1,0
344,577,s,False,229,116,False,137,False,92,True,77,False,39,6,2.950535059,1.449368,0.401211977,Azul,NA,muchos,ruido,2 BN,1,0,1,0,1,0,1,0,1,0,1,0,1,1,0
345,584,n,True,230,116,False,137,True,93,False,77,False,39,1,2.352596998,0.851867914,2.004611969,Azul,NA,muchos,ruido,2 BN,0,0,0,0,0,0,0,0,0,0,0,0,1,3,1
346,341,n,False,230,117,False,137,False,93,False,77,True,40,3,2.550287008,1.049167871,0.502124071,Verde,NA,muchos,senal,3 BS,0,0,0,0,0,0,0,1,0,1,0,1,0,2,0
347,564,s,False,230,118,False,137,False,93,True,78,False,40,6,2.349592209,0.848478079,1.002490997,Purpura,NA,muchos,ruido,2 BN,1,0,1,0,1,0,1,0,1,0,1,0,1,1,0
348,275,s,False,230,119,False,137,False,93,True,79,False,40,6,2.553966045,1.052866936,0.301815987,Purpura,NA,pocos,ruido,1 AN,1,0,1,0,1,0,1,0,1,0,1,0,1,1,0
349,346,s,True,231,119,True,138,False,93,False,79,False,40,6,2.954075098,1.453839064,1.102764845,Azul,NA,muchos,senal,3 BS,1,1,0,1,0,1,0,1,0,1,0,1,0,4,1
350,163,s,False,231,120,False,138,False,93,True,80,False,40,6,2.65405798,1.15308094,1.002568007,Purpura,NA,pocos,ruido,1 AN,1,0,1,0,1,0,1,0,1,0,1,0,1,1,0
351,112,s,True,232,120,True,139,False,93,False,80,False,40,6,2.549385071,1.048289061,0.501212835,Purpura,NA,pocos,senal,4 AS,1,1,0,1,0,1,0,1,0,1,0,1,0,4,1
352,250,s,False,232,121,False,139,False,93,True,81,False,40,6,2.349177837,0.848033905,0.401839018,Azul,NA,pocos,ruido,1 AN,1,0,1,0,1,0,1,0,1,0,1,0,1,1,0
353,88,s,True,233,121,True,140,False,93,False,81,False,40,6,1.947753906,0.447354078,0.501444817,Naranja,NA,pocos,senal,4 AS,1,1,0,1,0,1,0,1,0,1,0,1,0,4,1
354,474,s,True,234,121,True,141,False,93,False,81,False,40,6,2.552773952,1.052355051,0.40163517,Purpura,NA,muchos,senal,3 BS,1,1,0,1,0,1,0,1,0,1,0,1,0,4,1
355,569,s,False,234,122,False,141,False,93,True,82,False,40,6,2.649447203,1.148354054,0.501296997,Verde,NA,muchos,ruido,2 BN,1,0,1,0,1,0,1,0,1,0,1,0,1,1,0
356,211,s,False,234,123,False,141,False,93,True,83,False,40,6,2.649287939,1.148159027,0.501471996,Purpura,NA,pocos,ruido,1 AN,1,0,1,0,1,0,1,0,1,0,1,0,1,1,0
359,448,s,True,237,123,True,142,False,95,False,83,False,40,5,2.55267787,1.051486015,0.701896906,Verde,NA,muchos,senal,3 BS,1,0,0,1,0,1,0,1,0,1,0,1,0,4,1
360,20,s,True,238,123,True,143,False,95,False,83,False,40,6,2.649668932,1.149212837,1.204002142,Azul,NA,pocos,senal,4 AS,1,1,0,1,0,1,0,1,0,1,0,1,0,4,1
361,495,n,True,239,123,False,143,True,96,False,83,False,40,2,1.948161125,0.446968079,1.30345583,Naranja,NA,muchos,ruido,2 BN,0,0,0,0,0,0,0,0,0,0,1,0,1,3,1
362,115,s,True,240,123,True,144,False,96,False,83,False,40,6,2.453510046,0.952361107,0.701644182,Purpura,NA,pocos,senal,4 AS,1,1,0,1,0,1,0,1,0,1,0,1,0,4,1
363,197,n,True,241,123,False,144,True,97,False,83,False,40,3,3.054969072,1.553885937,1.403977156,Verde,NA,pocos,ruido,1 AN,0,0,0,0,0,0,0,0,1,0,1,0,1,3,1
364,359,s,True,242,123,True,145,False,97,False,83,False,40,6,3.253769875,1.7531569,0.401546001,Naranja,NA,muchos,senal,3 BS,1,1,0,1,0,1,0,1,0,1,0,1,0,4,1
365,431,s,True,243,123,True,146,False,97,False,83,False,40,5,3.752300024,2.251204968,0.802059174,Naranja,NA,muchos,senal,3 BS,1,0,0,1,0,1,0,1,0,1,0,1,0,4,1
366,248,n,True,244,123,False,146,True,98,False,83,False,40,2,2.742264986,1.24121213,1.102873087,Naranja,NA,pocos,ruido,1 AN,0,0,0,0,0,0,0,0,0,0,1,0,1,3,1
368,324,n,False,244,125,False,146,False,98,False,84,True,41,1,3.354895115,1.854640961,1.10294795,Naranja,NA,muchos,senal,3 BS,0,0,0,0,0,0,0,0,0,0,0,1,0,2,0
369,364,n,False,244,126,False,146,False,98,False,84,True,42,1,1.952169895,0.451006889,1.203652143,Purpura,NA,muchos,senal,3 BS,0,0,0,0,0,0,0,0,0,0,0,1,0,2,0
370,98,s,True,245,126,True,147,False,98,False,84,False,42,6,2.553519011,1.052404165,0.501257181,Verde,NA,pocos,senal,4 AS,1,1,0,1,0,1,0,1,0,1,0,1,0,4,1
371,468,s,True,246,126,True,148,False,98,False,84,False,42,6,2.15296793,0.651910067,0.502140999,Purpura,NA,muchos,senal,3 BS,1,1,0,1,0,1,0,1,0,1,0,1,0,4,1
372,329,s,True,247,126,True,149,False,98,False,84,False,42,6,2.148334026,0.647235155,1.503660917,Purpura,NA,muchos,senal,3 BS,1,1,0,1,0,1,0,1,0,1,0,1,0,4,1
373,585,s,False,247,127,False,149,False,98,True,85,False,42,6,1.947951078,0.446759939,0.601665974,Verde,NA,muchos,ruido,2 BN,1,0,1,0,1,0,1,0,1,0,1,0,1,1,0
376,13,s,True,248,129,True,150,False,98,False,87,False,42,6,2.848726034,1.34759593,0.501460075,Azul,NA,pocos,senal,4 AS,1,1,0,1,0,1,0,1,0,1,0,1,0,4,1
377,43,s,True,249,129,True,151,False,98,False,87,False,42,6,1.747121096,0.24593401,0.401266813,Naranja,NA,pocos,senal,4 AS,1,1,0,1,0,1,0,1,0,1,0,1,0,4,1
379,203,s,False,249,131,False,151,False,98,True,89,False,42,6,1.639898062,0.139661074,1.504108906,Naranja,NA,pocos,ruido,1 AN,1,0,1,0,1,0,1,0,1,0,1,0,1,1,0
381,368,s,True,251,131,True,152,False,99,False,89,False,42,5,2.749581099,1.24929595,1.103234053,Azul,NA,muchos,senal,3 BS,1,0,0,1,0,1,0,1,0,1,0,1,0,4,1
382,205,n,True,252,131,False,152,True,100,False,89,False,42,3,2.14724803,0.645947933,2.205869198,Azul,NA,pocos,ruido,1 AN,0,0,0,0,0,0,0,0,1,0,1,0,1,3,1
383,57,s,True,253,131,True,153,False,100,False,89,False,42,6,2.652910948,1.151846886,0.501275063,Purpura,NA,pocos,senal,4 AS,1,1,0,1,0,1,0,1,0,1,0,1,0,4,1
384,478,s,True,254,131,True,154,False,100,False,89,False,42,6,2.251913071,0.751679897,0.40110898,Azul,NA,muchos,senal,3 BS,1,1,0,1,0,1,0,1,0,1,0,1,0,4,1
385,167,s,False,254,132,False,154,False,100,True,90,False,42,6,2.854133129,1.353027105,0.401508093,Azul,NA,pocos,ruido,1 AN,1,0,1,0,1,0,1,0,1,0,1,0,1,1,0
386,201,s,False,254,133,False,154,False,100,True,91,False,42,6,2.649396181,1.148318052,0.501558065,Purpura,NA,pocos,ruido,1 AN,1,0,1,0,1,0,1,0,1,0,1,0,1,1,0
388,552,n,True,256,133,False,154,True,102,False,91,False,42,1,1.951648951,0.451102018,1.102912188,Azul,NA,muchos,ruido,2 BN,0,0,0,0,0,0,0,0,0,0,0,0,1,3,1
389,72,s,True,257,133,True,155,False,102,False,91,False,42,6,2.453659058,0.952554941,0.501724005,Naranja,NA,pocos,senal,4 AS,1,1,0,1,0,1,0,1,0,1,0,1,0,4,1
390,520,n,True,258,133,False,155,True,103,False,91,False,42,2,2.151140928,0.650500059,2.306572914,Azul,NA,muchos,ruido,2 BN,0,0,0,0,0,0,0,0,0,0,1,0,1,3,1
391,534,n,True,259,133,False,155,True,104,False,91,False,42,2,1.946617842,0.445439816,1.303288937,Verde,NA,muchos,ruido,2 BN,0,0,0,0,0,0,0,0,0,0,1,0,1,3,1
392,325,s,True,260,133,True,156,False,104,False,91,False,42,5,2.54024601,1.039102077,1.102549076,Verde,NA,muchos,senal,3 BS,1,0,0,1,0,1,0,1,0,1,0,1,0,4,1
393,454,s,True,261,133,True,157,False,104,False,91,False,42,6,2.155576944,0.65439105,1.403834105,Verde,NA,muchos,senal,3 BS,1,1,0,1,0,1,0,1,0,1,0,1,0,4,1
394,168,n,True,262,133,False,157,True,105,False,91,False,42,3,5.160016775,3.658967972,1.203043938,Naranja,NA,pocos,ruido,1 AN,0,0,0,0,0,0,0,0,1,0,1,0,1,3,1
395,49,s,True,263,133,True,158,False,105,False,91,False,42,6,2.749668121,1.248483181,0.601633072,Naranja,NA,pocos,senal,4 AS,1,1,0,1,0,1,0,1,0,1,0,1,0,4,1
398,344,n,False,263,136,False,158,False,105,False,93,True,43,2,2.04944396,0.548295975,1.303509951,Verde,NA,muchos,senal,3 BS,0,0,0,0,0,0,0,0,0,1,0,1,0,2,0
400,480,s,True,265,136,True,159,False,106,False,93,False,43,6,2.553036928,1.052573919,0.80254817,Verde,NA,muchos,senal,3 BS,1,1,0,1,0,1,0,1,0,1,0,1,0,4,1
401,272,n,True,266,136,False,159,True,107,False,93,False,43,1,2.841675997,1.340546846,0.902472019,Purpura,NA,pocos,ruido,1 AN,0,0,0,0,0,0,0,0,0,0,0,0,1,3,1
402,144,s,True,267,136,True,160,False,107,False,93,False,43,6,2.655034065,1.154531002,0.300780058,Purpura,NA,pocos,senal,4 AS,1,1,0,1,0,1,0,1,0,1,0,1,0,4,1
404,421,s,True,269,136,True,161,False,108,False,93,False,43,6,2.552736998,1.052304029,0.401089907,Purpura,NA,muchos,senal,3 BS,1,1,0,1,0,1,0,1,0,1,0,1,0,4,1
405,424,s,True,270,136,True,162,False,108,False,93,False,43,6,2.853319883,1.352688074,0.401068926,Azul,NA,muchos,senal,3 BS,1,1,0,1,0,1,0,1,0,1,0,1,0,4,1
406,390,s,True,271,136,True,163,False,108,False,93,False,43,6,2.64117384,1.140071869,0.401187181,Purpura,NA,muchos,senal,3 BS,1,1,0,1,0,1,0,1,0,1,0,1,0,4,1
407,53,s,True,272,136,True,164,False,108,False,93,False,43,6,2.549707174,1.048616171,0.401648045,Verde,NA,pocos,senal,4 AS,1,1,0,1,0,1,0,1,0,1,0,1,0,4,1
409,536,n,True,274,136,False,164,True,110,False,93,False,43,1,1.947613955,0.446491003,1.203406096,Azul,NA,muchos,ruido,2 BN,0,0,0,0,0,0,0,0,0,0,0,0,1,3,1
410,400,s,True,275,136,True,165,False,110,False,93,False,43,5,2.749578953,1.248587132,0.601906061,Azul,NA,muchos,senal,3 BS,1,0,0,1,0,1,0,1,0,1,0,1,0,4,1
413,479,s,True,277,137,True,166,False,111,False,94,False,43,6,2.439518929,0.938441992,0.30143404,Naranja,NA,muchos,senal,3 BS,1,1,0,1,0,1,0,1,0,1,0,1,0,4,1
414,82,s,True,278,137,True,167,False,111,False,94,False,43,6,2.549242973,1.048096895,0.401257992,Verde,NA,pocos,senal,4 AS,1,1,0,1,0,1,0,1,0,1,0,1,0,4,1
416,141,s,True,279,138,True,168,False,111,False,95,False,43,6,2.449005842,0.947940826,0.5019629,Azul,NA,pocos,senal,4 AS,1,1,0,1,0,1,0,1,0,1,0,1,0,4,1
418,425,s,True,281,138,True,169,False,112,False,95,False,43,6,2.550358057,1.049236059,0.401264906,Verde,NA,muchos,senal,3 BS,1,1,0,1,0,1,0,1,0,1,0,1,0,4,1
419,227,s,False,281,139,False,169,False,112,True,96,False,43,6,2.653165102,1.15200901,0.401132107,Purpura,NA,pocos,ruido,1 AN,1,0,1,0,1,0,1,0,1,0,1,0,1,1,0
420,526,n,True,282,139,False,169,True,113,False,96,False,43,2,1.747881889,0.247227907,2.405802965,Azul,NA,muchos,ruido,2 BN,0,0,0,0,0,0,0,0,0,0,1,0,1,3,1
421,101,s,True,283,139,True,170,False,113,False,96,False,43,6,3.254836082,1.754452944,2.004887819,Verde,NA,pocos,senal,4 AS,1,1,0,1,0,1,0,1,0,1,0,1,0,4,1
422,434,s,True,284,139,True,171,False,113,False,96,False,43,6,2.749667168,1.248496056,0.501353979,Naranja,NA,muchos,senal,3 BS,1,1,0,1,0,1,0,1,0,1,0,1,0,4,1
423,70,s,True,285,139,True,172,False,113,False,96,False,43,6,2.053132057,0.551952839,0.902423859,Purpura,NA,pocos,senal,4 AS,1,1,0,1,0,1,0,1,0,1,0,1,0,4,1
424,557,n,True,286,139,False,172,True,114,False,96,False,43,2,2.249514818,0.748365879,0.701897144,Purpura,NA,muchos,ruido,2 BN,0,0,0,0,0,0,0,0,0,0,1,0,1,3,1
425,63,s,True,287,139,True,173,False,114,False,96,False,43,6,2.954692125,1.4535501,1.102931976,Verde,NA,pocos,senal,4 AS,1,1,0,1,0,1,0,1,0,1,0,1,0,4,1
426,599,n,True,288,139,False,173,True,115,False,96,False,43,1,1.647236824,0.146057129,1.905024052,Purpura,NA,muchos,ruido,2 BN,0,0,0,0,0,0,0,0,0,0,0,0,1,3,1
427,452,s,True,289,139,True,174,False,115,False,96,False,43,6,2.552775145,1.05190897,1.103193045,Purpura,NA,muchos,senal,3 BS,1,1,0,1,0,1,0,1,0,1,0,1,0,4,1
429,214,n,True,290,140,False,174,True,116,False,97,False,43,2,1.747889996,0.246688843,1.503777981,Purpura,NA,pocos,ruido,1 AN,0,0,0,0,0,0,0,0,0,0,1,0,1,3,1
430,114,s,True,291,140,True,175,False,116,False,97,False,43,6,2.552505016,1.051353931,0.401201963,Verde,NA,pocos,senal,4 AS,1,1,0,1,0,1,0,1,0,1,0,1,0,4,1
432,582,n,True,292,141,False,175,True,117,False,98,False,43,2,1.95126915,0.450520039,1.604031086,Verde,NA,muchos,ruido,2 BN,0,0,0,0,0,0,0,0,0,0,1,0,1,3,1
433,161,s,False,292,142,False,175,False,117,True,99,False,43,6,2.254081011,0.753779888,0.602300167,Naranja,NA,pocos,ruido,1 AN,1,0,1,0,1,0,1,0,1,0,1,0,1,1,0
435,145,s,True,293,143,True,176,False,117,False,100,False,43,6,2.05253911,0.552365065,0.501492023,Naranja,NA,pocos,senal,4 AS,1,1,0,1,0,1,0,1,0,1,0,1,0,4,1
437,453,s,True,294,144,True,177,False,117,False,101,False,43,6,2.050715923,0.549769878,0.501812935,Naranja,NA,muchos,senal,3 BS,1,1,0,1,0,1,0,1,0,1,0,1,0,4,1
438,348,s,True,295,144,True,178,False,117,False,101,False,43,5,4.344785929,2.843652964,0.401221037,Purpura,NA,muchos,senal,3 BS,1,0,0,1,0,1,0,1,0,1,0,1,0,4,1
439,31,s,True,296,144,True,179,False,117,False,101,False,43,6,1.952314854,0.451155186,0.601483107,Verde,NA,pocos,senal,4 AS,1,1,0,1,0,1,0,1,0,1,0,1,0,4,1
440,562,s,False,296,145,False,179,False,117,True,102,False,43,6,1.947651148,0.447109222,0.301301003,Naranja,NA,muchos,ruido,2 BN,1,0,1,0,1,0,1,0,1,0,1,0,1,1,0
442,187,s,False,297,146,False,179,False,118,True,103,False,43,6,3.054809093,1.553695202,0.802108049,Naranja,NA,pocos,ruido,1 AN,1,0,1,0,1,0,1,0,1,0,1,0,1,1,0
445,260,s,False,299,147,False,179,False,120,True,104,False,43,6,2.353846073,0.853278875,0.401181936,Azul,NA,pocos,ruido,1 AN,1,0,1,0,1,0,1,0,1,0,1,0,1,1,0
446,423,s,True,300,147,True,180,False,120,False,104,False,43,6,2.653351069,1.152298927,0.401054144,Purpura,NA,muchos,senal,3 BS,1,1,0,1,0,1,0,1,0,1,0,1,0,4,1
447,206,n,True,301,147,False,180,True,121,False,104,False,43,1,2.049072027,0.547936916,1.102838993,Naranja,NA,pocos,ruido,1 AN,0,0,0,0,0,0,0,0,0,0,0,0,1,3,1
448,547,s,False,301,148,False,180,False,121,True,105,False,43,6,2.352066994,0.851403952,0.501369953,Verde,NA,muchos,ruido,2 BN,1,0,1,0,1,0,1,0,1,0,1,0,1,1,0
449,86,s,True,302,148,True,181,False,121,False,105,False,43,5,3.445609093,1.945190191,0.501314878,Purpura,NA,pocos,senal,4 AS,1,0,0,1,0,1,0,1,0,1,0,1,0,4,1
450,513,s,False,302,149,False,181,False,121,True,106,False,43,6,2.052017927,0.551018953,1.303611994,Azul,NA,muchos,ruido,2 BN,1,0,1,0,1,0,1,0,1,0,1,0,1,1,0
451,349,n,False,302,150,False,181,False,121,False,106,True,44,3,3.350693941,1.849593878,0.501682997,Azul,NA,muchos,senal,3 BS,0,0,0,0,0,0,0,1,0,1,0,1,0,2,0
452,353,s,True,303,150,True,182,False,121,False,106,False,44,5,3.051506996,1.55112195,0.501315117,Naranja,NA,muchos,senal,3 BS,1,0,0,1,0,1,0,1,0,1,0,1,0,4,1
453,447,s,True,304,150,True,183,False,121,False,106,False,44,6,2.957351923,1.45617485,0.300921917,Naranja,NA,muchos,senal,3 BS,1,1,0,1,0,1,0,1,0,1,0,1,0,4,1
454,523,s,False,304,151,False,183,False,121,True,107,False,44,6,2.448393106,0.947219133,0.30070591,Azul,NA,muchos,ruido,2 BN,1,0,1,0,1,0,1,0,1,0,1,0,1,1,0
455,403,s,True,305,151,True,184,False,121,False,107,False,44,6,2.048441887,0.547263861,0.401576996,Azul,NA,muchos,senal,3 BS,1,1,0,1,0,1,0,1,0,1,0,1,0,4,1
457,439,s,True,307,151,True,185,False,122,False,107,False,44,6,2.549485207,1.048335075,0.40156889,Purpura,NA,muchos,senal,3 BS,1,1,0,1,0,1,0,1,0,1,0,1,0,4,1
458,387,s,True,308,151,True,186,False,122,False,107,False,44,6,2.539784908,1.03864193,0.401075125,Azul,NA,muchos,senal,3 BS,1,1,0,1,0,1,0,1,0,1,0,1,0,4,1
459,440,s,True,309,151,True,187,False,122,False,107,False,44,6,2.750388145,1.250139952,0.401180983,Azul,NA,muchos,senal,3 BS,1,1,0,1,0,1,0,1,0,1,0,1,0,4,1
460,14,s,True,310,151,True,188,False,122,False,107,False,44,6,2.649363995,1.148228884,0.502055168,Naranja,NA,pocos,senal,4 AS,1,1,0,1,0,1,0,1,0,1,0,1,0,4,1
461,554,s,False,310,152,False,188,False,122,True,108,False,44,6,2.153280973,0.652108192,0.401258945,Purpura,NA,muchos,ruido,2 BN,1,0,1,0,1,0,1,0,1,0,1,0,1,1,0
462,239,n,True,311,152,False,188,True,123,False,108,False,44,2,1.947720051,0.446612835,1.303375006,Verde,NA,pocos,ruido,1 AN,0,0,0,0,0,0,0,0,0,0,1,0,1,3,1
463,365,s,True,312,152,True,189,False,123,False,108,False,44,6,2.649613857,1.148566961,0.501477957,Azul,NA,muchos,senal,3 BS,1,1,0,1,0,1,0,1,0,1,0,1,0,4,1
464,156,s,True,313,152,True,190,False,123,False,108,False,44,6,2.453239918,0.952839851,0.401243925,Verde,NA,pocos,senal,4 AS,1,1,0,1,0,1,0,1,0,1,0,1,0,4,1
465,393,s,True,314,152,True,191,False,123,False,108,False,44,6,2.55004096,1.049657822,0.701922894,Purpura,NA,muchos,senal,3 BS,1,1,0,1,0,1,0,1,0,1,0,1,0,4,1
466,385,s,True,315,152,True,192,False,123,False,108,False,44,6,2.451366186,0.950886011,0.401694059,Naranja,NA,muchos,senal,3 BS,1,1,0,1,0,1,0,1,0,1,0,1,0,4,1
467,220,s,False,315,153,False,192,False,123,True,109,False,44,6,2.45334816,0.952236176,0.4015522,Verde,NA,pocos,ruido,1 AN,1,0,1,0,1,0,1,0,1,0,1,0,1,1,0
468,559,n,True,316,153,False,192,True,124,False,109,False,44,2,2.249505043,0.749233007,3.909888983,Naranja,NA,muchos,ruido,2 BN,0,0,0,0,0,0,0,0,0,0,1,0,1,3,1
469,32,s,True,317,153,True,193,False,124,False,109,False,44,5,2.654138088,1.153075933,1.002549887,Purpura,NA,pocos,senal,4 AS,1,0,0,1,0,1,0,1,0,1,0,1,0,4,1
470,357,n,False,317,154,False,193,False,124,False,109,True,45,2,1.938616991,0.438233852,1.303571224,Verde,NA,muchos,senal,3 BS,0,0,0,0,0,0,0,0,0,1,0,1,0,2,0
471,587,s,False,317,155,False,193,False,124,True,110,False,45,6,3.451334953,1.950744867,0.40124321,Azul,NA,muchos,ruido,2 BN,1,0,1,0,1,0,1,0,1,0,1,0,1,1,0
472,147,s,True,318,155,True,194,False,124,False,110,False,45,6,2.655599833,1.15443778,0.40121007,Purpura,NA,pocos,senal,4 AS,1,1,0,1,0,1,0,1,0,1,0,1,0,4,1
473,75,s,True,319,155,True,195,False,124,False,110,False,45,6,2.548691034,1.048386097,0.401957989,Naranja,NA,pocos,senal,4 AS,1,1,0,1,0,1,0,1,0,1,0,1,0,4,1
474,256,n,True,320,155,False,195,True,125,False,110,False,45,2,2.655043125,1.154309988,5.213193893,Purpura,NA,pocos,ruido,1 AN,0,0,0,0,0,0,0,0,0,0,1,0,1,3,1
476,538,s,False,321,156,False,195,False,126,True,111,False,45,6,2.65203023,1.151570082,0.501588106,Purpura,NA,muchos,ruido,2 BN,1,0,1,0,1,0,1,0,1,0,1,0,1,1,0
477,446,s,True,322,156,True,196,False,126,False,111,False,45,6,1.653352022,0.152095795,0.802195072,Azul,NA,muchos,senal,3 BS,1,1,0,1,0,1,0,1,0,1,0,1,0,4,1
478,96,s,True,323,156,True,197,False,126,False,111,False,45,6,2.453741074,0.952633142,0.301401854,Purpura,NA,pocos,senal,4 AS,1,1,0,1,0,1,0,1,0,1,0,1,0,4,1
479,194,s,False,323,157,False,197,False,126,True,112,False,45,6,2.052687883,0.551598072,0.50191617,Verde,NA,pocos,ruido,1 AN,1,0,1,0,1,0,1,0,1,0,1,0,1,1,0
481,594,s,False,324,158,False,197,False,127,True,113,False,45,6,2.549278975,1.04816699,0.401262999,Naranja,NA,muchos,ruido,2 BN,1,0,1,0,1,0,1,0,1,0,1,0,1,1,0
482,356,s,True,325,158,True,198,False,127,False,113,False,45,6,2.85349679,1.3528409,0.502053976,Naranja,NA,muchos,senal,3 BS,1,1,0,1,0,1,0,1,0,1,0,1,0,4,1
483,332,n,False,325,159,False,198,False,127,False,113,True,46,3,3.155944109,1.65479207,0.501353025,Purpura,NA,muchos,senal,3 BS,0,0,0,0,0,0,0,1,0,1,0,1,0,2,0
484,575,n,True,326,159,False,198,True,128,False,113,False,46,2,1.95157814,0.450917959,1.303472996,Naranja,NA,muchos,ruido,2 BN,0,0,0,0,0,0,0,0,0,0,1,0,1,3,1
485,334,s,True,327,159,True,199,False,128,False,113,False,46,6,2.654629946,1.153481007,0.300800085,Naranja,NA,muchos,senal,3 BS,1,1,0,1,0,1,0,1,0,1,0,1,0,4,1
486,223,n,True,328,159,False,199,True,129,False,113,False,46,3,2.05320406,0.552044153,2.506504059,Verde,NA,pocos,ruido,1 AN,0,0,0,0,0,0,0,0,1,0,1,0,1,3,1
487,16,s,True,329,159,True,200,False,129,False,113,False,46,6,2.349648952,0.848568916,0.401221037,Purpura,NA,pocos,senal,4 AS,1,1,0,1,0,1,0,1,0,1,0,1,0,4,1
488,493,s,False,329,160,False,200,False,129,True,114,False,46,4,3.953678131,2.452503204,1.002732039,Purpura,NA,muchos,ruido,2 BN,1,0,0,0,0,0,1,0,1,0,1,0,1,1,0
490,323,s,True,331,160,True,201,False,130,False,114,False,46,5,2.749744177,1.248550177,0.401557922,Azul,NA,muchos,senal,3 BS,1,0,0,1,0,1,0,1,0,1,0,1,0,4,1
491,216,n,True,332,160,False,201,True,131,False,114,False,46,2,2.048461914,0.547261953,1.203574896,Naranja,NA,pocos,ruido,1 AN,0,0,0,0,0,0,0,0,0,0,1,0,1,3,1
493,497,s,False,333,161,False,201,False,132,True,115,False,46,6,2.550554037,1.049423933,1.203751802,Azul,NA,muchos,ruido,2 BN,1,0,1,0,1,0,1,0,1,0,1,0,1,1,0
494,67,s,True,334,161,True,202,False,132,False,115,False,46,6,1.952129841,0.450958014,0.401257038,Purpura,NA,pocos,senal,4 AS,1,1,0,1,0,1,0,1,0,1,0,1,0,4,1
495,66,s,True,335,161,True,203,False,132,False,115,False,46,6,2.152585983,0.651434183,0.300891876,Verde,NA,pocos,senal,4 AS,1,1,0,1,0,1,0,1,0,1,0,1,0,4,1
496,5,s,True,336,161,True,204,False,132,False,115,False,46,6,2.955520868,1.454323769,0.701957941,Verde,NA,pocos,senal,4 AS,1,1,0,1,0,1,0,1,0,1,0,1,0,4,1
497,1,s,True,337,161,True,205,False,132,False,115,False,46,6,1.952213049,0.451216936,0.401587963,Naranja,NA,pocos,senal,4 AS,1,1,0,1,0,1,0,1,0,1,0,1,0,4,1
498,56,n,False,337,162,False,205,False,132,False,115,True,47,3,2.24848485,0.748032808,1.203668833,Naranja,NA,pocos,senal,4 AS,0,0,0,0,0,0,0,1,0,1,0,1,0,2,0
500,491,s,False,338,163,False,205,False,133,True,116,False,47,6,2.548303127,1.047255993,0.501456976,Azul,NA,muchos,ruido,2 BN,1,0,1,0,1,0,1,0,1,0,1,0,1,1,0
501,541,n,True,339,163,False,205,True,134,False,116,False,47,2,2.35178709,0.851392984,1.102881908,Purpura,NA,muchos,ruido,2 BN,0,0,0,0,0,0,0,0,0,0,1,0,1,3,1
503,60,s,True,341,163,True,206,False,135,False,116,False,47,6,2.353229046,0.85216403,0.400988817,Verde,NA,pocos,senal,4 AS,1,1,0,1,0,1,0,1,0,1,0,1,0,4,1
504,327,s,True,342,163,True,207,False,135,False,116,False,47,6,2.840857983,1.339754105,1.002981901,Naranja,NA,muchos,senal,3 BS,1,1,0,1,0,1,0,1,0,1,0,1,0,4,1
506,51,s,True,343,164,True,208,False,135,False,117,False,47,6,2.240513086,0.73932004,0.501316071,Purpura,NA,pocos,senal,4 AS,1,1,0,1,0,1,0,1,0,1,0,1,0,4,1
507,246,n,True,344,164,False,208,True,136,False,117,False,47,2,2.252043962,0.751590014,1.20281291,Purpura,NA,pocos,ruido,1 AN,0,0,0,0,0,0,0,0,0,0,1,0,1,3,1
509,463,s,True,346,164,True,209,False,137,False,117,False,47,6,1.951191187,0.45008111,0.401170969,Naranja,NA,muchos,senal,3 BS,1,1,0,1,0,1,0,1,0,1,0,1,0,4,1
510,191,s,False,346,165,False,209,False,137,True,118,False,47,6,1.952240944,0.451102018,0.300832033,Verde,NA,pocos,ruido,1 AN,1,0,1,0,1,0,1,0,1,0,1,0,1,1,0
511,219,s,False,346,166,False,209,False,137,True,119,False,47,6,1.652467966,0.151298046,0.401196003,Naranja,NA,pocos,ruido,1 AN,1,0,1,0,1,0,1,0,1,0,1,0,1,1,0
513,87,s,True,348,166,True,210,False,138,False,119,False,47,6,2.153557062,0.652503967,0.401157856,Azul,NA,pocos,senal,4 AS,1,1,0,1,0,1,0,1,0,1,0,1,0,4,1
515,545,s,False,348,168,False,210,False,138,True,121,False,47,6,2.850238085,1.349054098,0.501928806,Azul,NA,muchos,ruido,2 BN,1,0,1,0,1,0,1,0,1,0,1,0,1,1,0
516,549,n,True,349,168,False,210,True,139,False,121,False,47,2,1.951189995,0.450648069,2.205672026,Naranja,NA,muchos,ruido,2 BN,0,0,0,0,0,0,0,0,0,0,1,0,1,3,1
517,46,s,True,350,168,True,211,False,139,False,121,False,47,6,2.750375032,1.249207973,0.603294849,Naranja,NA,pocos,senal,4 AS,1,1,0,1,0,1,0,1,0,1,0,1,0,4,1
518,418,s,True,351,168,True,212,False,139,False,121,False,47,6,2.339955091,0.839217901,0.70183897,Azul,NA,muchos,senal,3 BS,1,1,0,1,0,1,0,1,0,1,0,1,0,4,1
519,42,s,True,352,168,True,213,False,139,False,121,False,47,6,2.550143957,1.049057007,0.200621128,Azul,NA,pocos,senal,4 AS,1,1,0,1,0,1,0,1,0,1,0,1,0,4,1
521,178,s,False,353,169,False,213,False,140,True,122,False,47,6,2.648727894,1.14761591,0.501519918,Verde,NA,pocos,ruido,1 AN,1,0,1,0,1,0,1,0,1,0,1,0,1,1,0
522,386,s,True,354,169,True,214,False,140,False,122,False,47,5,2.74966383,1.248555183,0.501307964,Verde,NA,muchos,senal,3 BS,1,0,0,1,0,1,0,1,0,1,0,1,0,4,1
523,140,s,True,355,169,True,215,False,140,False,122,False,47,6,2.048680067,0.547422171,0.401180029,Verde,NA,pocos,senal,4 AS,1,1,0,1,0,1,0,1,0,1,0,1,0,4,1
525,573,n,True,356,170,False,215,True,141,False,123,False,47,1,1.954134941,0.453773975,1.303043127,Purpura,NA,muchos,ruido,2 BN,0,0,0,0,0,0,0,0,0,0,0,0,1,3,1
526,235,s,False,356,171,False,215,False,141,True,124,False,47,6,2.149784088,0.648631096,0.501166105,Naranja,NA,pocos,ruido,1 AN,1,0,1,0,1,0,1,0,1,0,1,0,1,1,0
527,69,s,True,357,171,True,216,False,141,False,124,False,47,6,2.052489042,0.551357031,0.501389027,Verde,NA,pocos,senal,4 AS,1,1,0,1,0,1,0,1,0,1,0,1,0,4,1
528,430,s,True,358,171,True,217,False,141,False,124,False,47,6,2.549268961,1.047929049,0.401021004,Azul,NA,muchos,senal,3 BS,1,1,0,1,0,1,0,1,0,1,0,1,0,4,1
529,500,s,False,358,172,False,217,False,141,True,125,False,47,6,2.654407978,1.15329814,0.300983906,Purpura,NA,muchos,ruido,2 BN,1,0,1,0,1,0,1,0,1,0,1,0,1,1,0
530,414,s,True,359,172,True,218,False,141,False,125,False,47,6,1.650527,0.150248051,0.601514816,Purpura,NA,muchos,senal,3 BS,1,1,0,1,0,1,0,1,0,1,0,1,0,4,1
531,196,s,False,359,173,False,218,False,141,True,126,False,47,6,2.053514957,0.552345991,0.902250051,Azul,NA,pocos,ruido,1 AN,1,0,1,0,1,0,1,0,1,0,1,0,1,1,0
532,2,s,True,360,173,True,219,False,141,False,126,False,47,6,2.854278088,1.35312295,0.601701975,Verde,NA,pocos,senal,4 AS,1,1,0,1,0,1,0,1,0,1,0,1,0,4,1
534,169,s,False,361,174,False,219,False,142,True,127,False,47,6,2.148257017,0.647268057,0.501307011,Purpura,NA,pocos,ruido,1 AN,1,0,1,0,1,0,1,0,1,0,1,0,1,1,0
535,108,s,True,362,174,True,220,False,142,False,127,False,47,6,1.847138882,0.34658289,0.401111841,Verde,NA,pocos,senal,4 AS,1,1,0,1,0,1,0,1,0,1,0,1,0,4,1
536,592,n,True,363,174,False,220,True,143,False,127,False,47,2,1.751866102,0.25069499,1.303610086,Verde,NA,muchos,ruido,2 BN,0,0,0,0,0,0,0,0,0,0,1,0,1,3,1
537,496,n,True,364,174,False,220,True,144,False,127,False,47,1,1.74831605,0.24753809,1.403970003,Verde,NA,muchos,ruido,2 BN,0,0,0,0,0,0,0,0,0,0,0,0,1,3,1
538,68,s,True,365,174,True,221,False,144,False,127,False,47,6,2.352596998,0.851425886,0.401643991,Azul,NA,pocos,senal,4 AS,1,1,0,1,0,1,0,1,0,1,0,1,0,4,1
540,130,s,True,367,174,True,222,False,145,False,127,False,47,6,1.752691031,0.251473904,0.501436949,Verde,NA,pocos,senal,4 AS,1,1,0,1,0,1,0,1,0,1,0,1,0,4,1
541,253,n,True,368,174,False,222,True,146,False,127,False,47,2,1.651437044,0.150677919,1.003350973,Azul,NA,pocos,ruido,1 AN,0,0,0,0,0,0,0,0,0,0,1,0,1,3,1
543,494,n,True,369,175,False,222,True,147,False,128,False,47,1,1.646136999,0.144912958,1.102998972,Azul,NA,muchos,ruido,2 BN,0,0,0,0,0,0,0,0,0,0,0,0,1,3,1
544,567,n,True,370,175,False,222,True,148,False,128,False,47,1,1.847528934,0.346380949,1.102880955,Purpura,NA,muchos,ruido,2 BN,0,0,0,0,0,0,0,0,0,0,0,0,1,3,1
545,378,s,True,371,175,True,223,False,148,False,128,False,47,5,2.641203165,1.140032053,0.601621151,Azul,NA,muchos,senal,3 BS,1,0,0,1,0,1,0,1,0,1,0,1,0,4,1
546,591,n,True,372,175,False,223,True,149,False,128,False,47,1,1.847496986,0.346323013,1.303180933,Naranja,NA,muchos,ruido,2 BN,0,0,0,0,0,0,0,0,0,0,0,0,1,3,1
547,105,s,True,373,175,True,224,False,149,False,128,False,47,6,2.253070116,0.752725124,0.501369953,Purpura,NA,pocos,senal,4 AS,1,1,0,1,0,1,0,1,0,1,0,1,0,4,1
548,532,s,False,373,176,False,224,False,149,True,129,False,47,6,2.350337029,0.849256992,0.401804924,Purpura,NA,muchos,ruido,2 BN,1,0,1,0,1,0,1,0,1,0,1,0,1,1,0
549,471,s,True,374,176,True,225,False,149,False,129,False,47,6,1.947772026,0.446985006,0.401875973,Purpura,NA,muchos,senal,3 BS,1,1,0,1,0,1,0,1,0,1,0,1,0,4,1
551,580,s,False,375,177,False,225,False,150,True,130,False,47,6,1.64747119,0.146412134,1.002516031,Purpura,NA,muchos,ruido,2 BN,1,0,1,0,1,0,1,0,1,0,1,0,1,1,0
552,232,n,True,376,177,False,225,True,151,False,130,False,47,3,3.055361032,1.554182053,1.002883911,Naranja,NA,pocos,ruido,1 AN,0,0,0,0,0,0,0,0,1,0,1,0,1,3,1
553,477,s,True,377,177,True,226,False,151,False,130,False,47,6,1.938052177,0.437171221,0.501198769,Purpura,NA,muchos,senal,3 BS,1,1,0,1,0,1,0,1,0,1,0,1,0,4,1
554,337,s,True,378,177,True,227,False,151,False,130,False,47,6,2.549807072,1.049396038,1.10279417,Naranja,NA,muchos,senal,3 BS,1,1,0,1,0,1,0,1,0,1,0,1,0,4,1
556,173,s,False,379,178,False,227,False,152,True,131,False,47,5,2.650372028,1.149968147,0.501511812,Azul,NA,pocos,ruido,1 AN,1,0,0,0,1,0,1,0,1,0,1,0,1,1,0
557,119,s,True,380,178,True,228,False,152,False,131,False,47,6,3.551687956,2.050614834,0.401064157,Azul,NA,pocos,senal,4 AS,1,1,0,1,0,1,0,1,0,1,0,1,0,4,1
558,18,s,True,381,178,True,229,False,152,False,131,False,47,6,2.643107891,1.142000914,0.601613998,Verde,NA,pocos,senal,4 AS,1,1,0,1,0,1,0,1,0,1,0,1,0,4,1
559,524,s,False,381,179,False,229,False,152,True,132,False,47,6,1.946403027,0.445201159,0.601416111,Naranja,NA,muchos,ruido,2 BN,1,0,1,0,1,0,1,0,1,0,1,0,1,1,0
560,10,s,True,382,179,True,230,False,152,False,132,False,47,6,2.542991161,1.041901112,0.40177393,Azul,NA,pocos,senal,4 AS,1,1,0,1,0,1,0,1,0,1,0,1,0,4,1
561,533,n,True,383,179,False,230,True,153,False,132,False,47,1,1.648197174,0.147062063,1.002532005,Naranja,NA,muchos,ruido,2 BN,0,0,0,0,0,0,0,0,0,0,0,0,1,3,1
562,79,s,True,384,179,True,231,False,153,False,132,False,47,6,2.950841904,1.449776888,0.501405954,Verde,NA,pocos,senal,4 AS,1,1,0,1,0,1,0,1,0,1,0,1,0,4,1
563,273,s,False,384,180,False,231,False,153,True,133,False,47,6,2.754473209,1.253327131,0.701911926,Naranja,NA,pocos,ruido,1 AN,1,0,1,0,1,0,1,0,1,0,1,0,1,1,0
566,412,s,True,386,181,True,232,False,154,False,134,False,47,6,2.151580095,0.651006937,0.400990009,Azul,NA,muchos,senal,3 BS,1,1,0,1,0,1,0,1,0,1,0,1,0,4,1
567,396,s,True,387,181,True,233,False,154,False,134,False,47,6,2.649514914,1.148350954,0.50152421,Purpura,NA,muchos,senal,3 BS,1,1,0,1,0,1,0,1,0,1,0,1,0,4,1
568,530,s,False,387,182,False,233,False,154,True,135,False,47,6,1.646844864,0.146011829,0.501467943,Naranja,NA,muchos,ruido,2 BN,1,0,1,0,1,0,1,0,1,0,1,0,1,1,0
569,192,n,True,388,182,False,233,True,155,False,135,False,47,3,2.052242994,0.55189991,1.204130173,Purpura,NA,pocos,ruido,1 AN,0,0,0,0,0,0,0,0,1,0,1,0,1,3,1
570,456,s,True,389,182,True,234,False,155,False,135,False,47,6,2.051961899,0.551158905,0.401077032,Purpura,NA,muchos,senal,3 BS,1,1,0,1,0,1,0,1,0,1,0,1,0,4,1
571,432,s,True,390,182,True,235,False,155,False,135,False,47,6,1.947162151,0.445996046,0.300871134,Verde,NA,muchos,senal,3 BS,1,1,0,1,0,1,0,1,0,1,0,1,0,4,1
572,429,s,True,391,182,True,236,False,155,False,135,False,47,6,2.053237915,0.552093983,0.501405001,Purpura,NA,muchos,senal,3 BS,1,1,0,1,0,1,0,1,0,1,0,1,0,4,1
573,398,s,True,392,182,True,237,False,155,False,135,False,47,6,2.249904156,0.748682976,0.401646852,Naranja,NA,muchos,senal,3 BS,1,1,0,1,0,1,0,1,0,1,0,1,0,4,1
575,210,s,False,393,183,False,237,False,156,True,136,False,47,6,2.353359938,0.852262974,0.702033997,Verde,NA,pocos,ruido,1 AN,1,0,1,0,1,0,1,0,1,0,1,0,1,1,0
576,41,s,True,394,183,True,238,False,156,False,136,False,47,6,2.038879871,0.537541866,1.002983809,Purpura,NA,pocos,senal,4 AS,1,1,0,1,0,1,0,1,0,1,0,1,0,4,1
577,259,s,False,394,184,False,238,False,156,True,137,False,47,5,2.554013014,1.052835226,1.403370142,Purpura,NA,pocos,ruido,1 AN,1,0,0,0,1,0,1,0,1,0,1,0,1,1,0
578,581,n,True,395,184,False,238,True,157,False,137,False,47,1,1.65046382,0.149871826,1.604055166,Naranja,NA,muchos,ruido,2 BN,0,0,0,0,0,0,0,0,0,0,0,0,1,3,1
579,358,n,False,395,185,False,238,False,157,False,137,True,48,2,2.138954163,0.638720989,2.306301117,Purpura,NA,muchos,senal,3 BS,0,0,0,0,0,0,0,0,0,1,0,1,0,2,0
580,233,s,False,395,186,False,238,False,157,True,138,False,48,6,2.348883152,0.847686052,0.401684046,Purpura,NA,pocos,ruido,1 AN,1,0,1,0,1,0,1,0,1,0,1,0,1,1,0
581,240,n,True,396,186,False,238,True,158,False,138,False,48,2,1.847634077,0.346476078,1.303508043,Purpura,NA,pocos,ruido,1 AN,0,0,0,0,0,0,0,0,0,0,1,0,1,3,1
582,179,s,False,396,187,False,238,False,158,True,139,False,48,6,2.643588066,1.142490149,0.300800085,Purpura,NA,pocos,ruido,1 AN,1,0,1,0,1,0,1,0,1,0,1,0,1,1,0
583,252,s,False,396,188,False,238,False,158,True,140,False,48,6,1.652004004,0.150860786,0.40100503,Verde,NA,pocos,ruido,1 AN,1,0,1,0,1,0,1,0,1,0,1,0,1,1,0
584,571,s,False,396,189,False,238,False,158,True,141,False,48,6,2.853904009,1.353188992,0.300801039,Azul,NA,muchos,ruido,2 BN,1,0,1,0,1,0,1,0,1,0,1,0,1,1,0
585,48,s,True,397,189,True,239,False,158,False,141,False,48,6,2.541041851,1.039896011,0.401706934,Purpura,NA,pocos,senal,4 AS,1,1,0,1,0,1,0,1,0,1,0,1,0,4,1
586,475,s,True,398,189,True,240,False,158,False,141,False,48,6,1.638088942,0.137009144,0.601688147,Azul,NA,muchos,senal,3 BS,1,1,0,1,0,1,0,1,0,1,0,1,0,4,1
587,106,s,True,399,189,True,241,False,158,False,141,False,48,6,1.947769165,0.446788073,0.401105165,Azul,NA,pocos,senal,4 AS,1,1,0,1,0,1,0,1,0,1,0,1,0,4,1
588,322,s,True,400,189,True,242,False,158,False,141,False,48,6,2.252208948,0.751950026,0.501256943,Verde,NA,muchos,senal,3 BS,1,1,0,1,0,1,0,1,0,1,0,1,0,4,1
589,528,n,True,401,189,False,242,True,159,False,141,False,48,2,2.649686813,1.148522854,1.102980852,Verde,NA,muchos,ruido,2 BN,0,0,0,0,0,0,0,0,0,0,1,0,1,3,1
590,132,s,True,402,189,True,243,False,159,False,141,False,48,6,1.75305295,0.251935959,0.401238918,Azul,NA,pocos,senal,4 AS,1,1,0,1,0,1,0,1,0,1,0,1,0,4,1
591,381,s,True,403,189,True,244,False,159,False,141,False,48,4,2.942269087,1.441102982,0.50132823,Azul,NA,muchos,senal,3 BS,1,0,0,0,0,1,0,1,0,1,0,1,0,4,1
592,177,s,False,403,190,False,244,False,159,True,142,False,48,6,1.940671921,0.439557076,1.103170156,Naranja,NA,pocos,ruido,1 AN,1,0,1,0,1,0,1,0,1,0,1,0,1,1,0
593,160,s,True,404,190,True,245,False,159,False,142,False,48,6,2.454356909,0.953161955,0.401058912,Purpura,NA,pocos,senal,4 AS,1,1,0,1,0,1,0,1,0,1,0,1,0,4,1
594,417,s,True,405,190,True,246,False,159,False,142,False,48,6,2.152185202,0.651483059,0.50176096,Verde,NA,muchos,senal,3 BS,1,1,0,1,0,1,0,1,0,1,0,1,0,4,1
595,176,n,True,406,190,False,246,True,160,False,142,False,48,2,1.847543955,0.347007036,1.10286808,Purpura,NA,pocos,ruido,1 AN,0,0,0,0,0,0,0,0,0,0,1,0,1,3,1
596,175,s,False,406,191,False,246,False,160,True,143,False,48,5,2.951375961,1.450170994,0.501843214,Verde,NA,pocos,ruido,1 AN,1,0,0,0,1,0,1,0,1,0,1,0,1,1,0
597,428,s,True,407,191,True,247,False,160,False,143,False,48,6,3.156968117,1.656536102,0.601552963,Naranja,NA,muchos,senal,3 BS,1,1,0,1,0,1,0,1,0,1,0,1,0,4,1
598,455,s,True,408,191,True,248,False,160,False,143,False,48,6,1.947887897,0.446726799,0.50151515,Azul,NA,muchos,senal,3 BS,1,1,0,1,0,1,0,1,0,1,0,1,0,4,1
599,506,n,True,409,191,False,248,True,161,False,143,False,48,3,2.251966,0.751421928,1.760953903,Purpura,NA,muchos,ruido,2 BN,0,0,0,0,0,0,0,0,1,0,1,0,1,3,1
600,566,n,True,410,191,False,248,True,162,False,143,False,48,2,1.647641897,0.146518946,1.904844999,Verde,NA,muchos,ruido,2 BN,0,0,0,0,0,0,0,0,0,0,1,0,1,3,1
601,148,s,True,411,191,True,249,False,162,False,143,False,48,6,2.052545071,0.551898956,1.002652168,Azul,NA,pocos,senal,4 AS,1,1,0,1,0,1,0,1,0,1,0,1,0,4,1
602,331,s,True,412,191,True,250,False,162,False,143,False,48,6,2.849856138,1.348625898,0.501198053,Verde,NA,muchos,senal,3 BS,1,1,0,1,0,1,0,1,0,1,0,1,0,4,1
603,77,s,True,413,191,True,251,False,162,False,143,False,48,6,2.44224596,0.941045046,1.203128099,Azul,NA,pocos,senal,4 AS,1,1,0,1,0,1,0,1,0,1,0,1,0,4,1
604,521,s,False,413,192,False,251,False,162,True,144,False,48,6,2.649539948,1.148412943,0.401107073,Verde,NA,muchos,ruido,2 BN,1,0,1,0,1,0,1,0,1,0,1,0,1,1,0
605,535,n,True,414,192,False,251,True,163,False,144,False,48,3,2.851531029,1.35055685,0.601663828,Purpura,NA,muchos,ruido,2 BN,0,0,0,0,0,0,0,0,1,0,1,0,1,3,1
606,516,s,False,414,193,False,251,False,163,True,145,False,48,6,2.339456797,0.838407993,1.102987051,Purpura,NA,muchos,ruido,2 BN,1,0,1,0,1,0,1,0,1,0,1,0,1,1,0
607,64,s,True,415,193,True,252,False,163,False,145,False,48,6,2.653804064,1.152650118,1.303422928,Purpura,NA,pocos,senal,4 AS,1,1,0,1,0,1,0,1,0,1,0,1,0,4,1
608,354,s,True,416,193,True,253,False,163,False,145,False,48,6,1.650748014,0.150108099,0.601461172,Verde,NA,muchos,senal,3 BS,1,1,0,1,0,1,0,1,0,1,0,1,0,4,1
609,92,s,True,417,193,True,254,False,163,False,145,False,48,6,1.953423023,0.453048944,0.400945902,Verde,NA,pocos,senal,4 AS,1,1,0,1,0,1,0,1,0,1,0,1,0,4,1
610,539,s,False,417,194,False,254,False,163,True,146,False,48,6,1.747383118,0.247184038,0.401082039,Azul,NA,muchos,ruido,2 BN,1,0,1,0,1,0,1,0,1,0,1,0,1,1,0
611,568,n,True,418,194,False,254,True,164,False,146,False,48,2,2.450109005,0.94895196,1.002371073,Azul,NA,muchos,ruido,2 BN,0,0,0,0,0,0,0,0,0,0,1,0,1,3,1
612,509,n,True,419,194,False,254,True,165,False,146,False,48,2,1.851275921,0.350454807,2.405750036,Purpura,NA,muchos,ruido,2 BN,0,0,0,0,0,0,0,0,0,0,1,0,1,3,1
613,265,s,False,419,195,False,254,False,165,True,147,False,48,6,2.454658985,0.953539848,0.301435947,Purpura,NA,pocos,ruido,1 AN,1,0,1,0,1,0,1,0,1,0,1,0,1,1,0
614,134,s,True,420,195,True,255,False,165,False,147,False,48,6,2.252981901,0.751857042,0.902750969,Purpura,NA,pocos,senal,4 AS,1,1,0,1,0,1,0,1,0,1,0,1,0,4,1
615,152,s,True,421,195,True,256,False,165,False,147,False,48,6,1.651349068,0.15009594,0.401344061,Naranja,NA,pocos,senal,4 AS,1,1,0,1,0,1,0,1,0,1,0,1,0,4,1
616,459,s,True,422,195,True,257,False,165,False,147,False,48,6,1.948817968,0.448316097,0.401343107,Azul,NA,muchos,senal,3 BS,1,1,0,1,0,1,0,1,0,1,0,1,0,4,1
617,146,s,True,423,195,True,258,False,165,False,147,False,48,6,1.652036905,0.150926828,0.300821066,Verde,NA,pocos,senal,4 AS,1,1,0,1,0,1,0,1,0,1,0,1,0,4,1
618,443,s,True,424,195,True,259,False,165,False,147,False,48,6,1.947365046,0.446223974,0.401222229,Azul,NA,muchos,senal,3 BS,1,1,0,1,0,1,0,1,0,1,0,1,0,4,1
619,137,s,True,425,195,True,260,False,165,False,147,False,48,6,1.651548862,0.150323868,0.501396894,Purpura,NA,pocos,senal,4 AS,1,1,0,1,0,1,0,1,0,1,0,1,0,4,1
620,123,s,True,426,195,True,261,False,165,False,147,False,48,6,2.053310871,0.553081989,0.401198864,Naranja,NA,pocos,senal,4 AS,1,1,0,1,0,1,0,1,0,1,0,1,0,4,1
622,74,s,True,428,195,True,262,False,166,False,147,False,48,6,2.950118065,1.448987007,0.301013947,Azul,NA,pocos,senal,4 AS,1,1,0,1,0,1,0,1,0,1,0,1,0,4,1
623,80,s,True,429,195,True,263,False,166,False,147,False,48,6,1.747411013,0.246246815,0.50130105,Purpura,NA,pocos,senal,4 AS,1,1,0,1,0,1,0,1,0,1,0,1,0,4,1
624,484,s,False,429,196,False,263,False,166,True,148,False,48,6,1.649999857,0.149515867,0.300796986,Purpura,NA,muchos,ruido,2 BN,1,0,1,0,1,0,1,0,1,0,1,0,1,1,0
625,9,s,True,430,196,True,264,False,166,False,148,False,48,6,1.947875977,0.446722031,0.401293993,Purpura,NA,pocos,senal,4 AS,1,1,0,1,0,1,0,1,0,1,0,1,0,4,1
626,184,n,True,431,196,False,264,True,167,False,148,False,48,3,3.150621891,1.649380922,1.503746986,Naranja,NA,pocos,ruido,1 AN,0,0,0,0,0,0,0,0,1,0,1,0,1,3,1
627,171,s,False,431,197,False,264,False,167,True,149,False,48,6,3.845116854,2.343987942,1.003031015,Naranja,NA,pocos,ruido,1 AN,1,0,1,0,1,0,1,0,1,0,1,0,1,1,0
628,367,s,True,432,197,True,265,False,167,False,149,False,48,5,1.847924948,0.347460985,1.002571106,Purpura,NA,muchos,senal,3 BS,1,0,0,1,0,1,0,1,0,1,0,1,0,4,1
629,7,s,True,433,197,True,266,False,167,False,149,False,48,6,2.052255154,0.551145077,0.401705027,Azul,NA,pocos,senal,4 AS,1,1,0,1,0,1,0,1,0,1,0,1,0,4,1
630,25,s,True,434,197,True,267,False,167,False,149,False,48,6,1.751894951,0.250828981,0.501270056,Purpura,NA,pocos,senal,4 AS,1,1,0,1,0,1,0,1,0,1,0,1,0,4,1
631,449,s,True,435,197,True,268,False,167,False,149,False,48,6,1.650470018,0.149893999,0.601598024,Azul,NA,muchos,senal,3 BS,1,1,0,1,0,1,0,1,0,1,0,1,0,4,1
632,257,n,True,436,197,False,268,True,168,False,149,False,48,3,2.654210091,1.153018951,1.002730131,Naranja,NA,pocos,ruido,1 AN,0,0,0,0,0,0,0,0,1,0,1,0,1,3,1
633,518,n,True,437,197,False,268,True,169,False,149,False,48,1,3.943668842,2.443207979,1.002598047,Verde,NA,muchos,ruido,2 BN,0,0,0,0,0,0,0,0,0,0,0,0,1,3,1
634,24,s,True,438,197,True,269,False,169,False,149,False,48,6,3.052139997,1.550977945,0.300886154,Naranja,NA,pocos,senal,4 AS,1,1,0,1,0,1,0,1,0,1,0,1,0,4,1
635,525,n,True,439,197,False,269,True,170,False,149,False,48,1,2.554176092,1.052989006,0.902359009,Purpura,NA,muchos,ruido,2 BN,0,0,0,0,0,0,0,0,0,0,0,0,1,3,1
637,81,s,True,441,197,True,270,False,171,False,149,False,48,6,2.453734159,0.952623129,0.300726891,Naranja,NA,pocos,senal,4 AS,1,1,0,1,0,1,0,1,0,1,0,1,0,4,1
638,62,s,True,442,197,True,271,False,171,False,149,False,48,6,2.754233837,1.253285885,0.401074886,Naranja,NA,pocos,senal,4 AS,1,1,0,1,0,1,0,1,0,1,0,1,0,4,1
639,158,s,True,443,197,True,272,False,171,False,149,False,48,6,1.652582169,0.152152061,0.400985003,Naranja,NA,pocos,senal,4 AS,1,1,0,1,0,1,0,1,0,1,0,1,0,4,1
