"","X.5","X.4","X.3","X.2","X.1","Ensayo","Estimulo","Comparacion","SignallPosition","Respuesta","Eleccion","OpcionPredicha","RTime1","RTime2","Color","Hits","ContadorH","Rechazos","ContadorR","Falsas.alarmas","ContadorF","Omisiones","ContadorM","X","SignalPosition","SignalPos"
"1",1,1,1,1,1,0,173,"4 BS-AN","Left","left","BS",1,3.34015893936,2.33981800079,"Purpura",1,1,1,1,0,0,0,0,NA,"Left","Left"
"2",2,2,2,2,2,1,176,"4 BS-AN","Right","right","BS",1,2.33734202385,1.33613204956,"Naranja",1,2,1,2,0,0,0,0,NA,"Left","Left"
"3",3,3,3,3,3,2,53,"3 BS-BN","Left","left","BS",1,2.33497285843,1.33383893967,"Purpura",1,3,1,3,0,0,0,0,NA,"Right","Right"
"4",4,4,4,4,4,3,244,"6 AN-BN","None","left","BN",1,2.43521094322,1.43406891823,"Verde",NA,3,NA,3,NA,0,NA,0,NA,"Right","Right"
"5",5,5,5,5,5,4,45,"1 AS-AN","Left","right","AN",0,1.93437314034,0.93331193924,"Naranja",0,3,0,3,1,1,1,1,NA,"Left","Left"
"6",6,6,6,6,6,5,10,"1 AS-AN","Right","left","AN",0,1.83683490753,0.836467027664,"Purpura",0,3,0,3,1,2,1,2,NA,"Left","Left"
"7",7,7,7,7,7,6,217,"5 AS-BS","Both","left","AS",1,2.43771600723,1.43666601181,"Verde",NA,3,NA,3,NA,2,NA,2,NA,"Right","Right"
"8",8,8,8,8,8,7,266,"6 AN-BN","None","right","AN",0,2.13458704948,1.13355207443,"Verde",NA,3,NA,3,NA,2,NA,2,NA,"Right","Right"
"9",9,9,9,9,9,8,56,"3 BS-BN","Right","right","BS",1,3.43707895279,2.43606281281,"Naranja",1,4,1,4,0,2,0,2,NA,"Left","Left"
"10",10,10,10,10,10,9,110,"2 AS-BN","Left","left","AS",1,1.83624601364,0.836021184921,"Verde",1,5,1,5,0,2,0,2,NA,"Left","Left"
"11",11,11,11,11,11,10,83,"3 BS-BN","Left","right","BN",0,1.9359369278,0.935687065125,"Purpura",0,5,0,5,1,3,1,3,NA,"Right","Right"
"12",12,12,12,12,12,11,185,"4 BS-AN","Left","left","BS",1,2.23503899574,1.23393893242,"Naranja",1,6,1,6,0,3,0,3,NA,"Right","Right"
"13",13,13,13,13,13,12,113,"2 AS-BN","Left","left","AS",1,1.63545203209,0.635140895844,"Verde",1,7,1,7,0,3,0,3,NA,"Left","Left"
"14",14,14,14,14,14,13,172,"4 BS-AN","Right","left","AN",0,1.73590493202,0.735489845276,"Azul",0,7,0,7,1,4,1,4,NA,"Left","Left"
"15",15,15,15,15,15,14,75,"3 BS-BN","Left","right","BN",0,1.63577604294,0.635226964951,"Purpura",0,7,0,7,1,5,1,5,NA,"Right","Right"
"16",16,16,16,16,16,15,133,"2 AS-BN","Left","left","AS",1,1.93670988083,0.936105966568,"Azul",1,8,1,8,0,5,0,5,NA,"Right","Right"
"17",17,17,17,17,17,16,191,"4 BS-AN","Right","right","BS",1,2.13954687119,1.13913798332,"Azul",1,9,1,9,0,5,0,5,NA,"Left","Left"
"18",18,18,18,18,18,17,152,"4 BS-AN","Right","right","BS",1,2.73429393768,1.73318696022,"Verde",1,10,1,10,0,5,0,5,NA,"Left","Left"
"19",19,19,19,19,19,18,148,"4 BS-AN","Right","right","BS",1,1.83581995964,0.835578918457,"Purpura",1,11,1,11,0,5,0,5,NA,"Right","Right"
"20",20,20,20,20,20,19,103,"2 AS-BN","Right","right","AS",1,1.53542900085,0.534886837006,"Purpura",1,12,1,12,0,5,0,5,NA,"Right","Right"
"21",21,21,21,21,21,20,231,"5 AS-BS","Both","left","AS",1,4.84377598763,3.8432290554,"Purpura",NA,12,NA,12,NA,5,NA,5,NA,"Left","Left"
"22",22,22,22,22,22,21,16,"1 AS-AN","Right","right","AS",1,1.83266496658,0.831553220749,"Naranja",1,13,1,13,0,5,0,5,NA,"Left","Left"
"23",23,23,23,23,23,22,284,"6 AN-BN","None","left","BN",1,2.8384449482,1.83822894096,"Verde",NA,13,NA,13,NA,5,NA,5,NA,"Right","Right"
"24",24,24,24,24,24,23,3,"1 AS-AN","Left","right","AN",0,1.63625597954,0.635685920715,"Naranja",0,13,0,13,1,6,1,6,NA,"Right","Right"
"25",25,25,25,25,25,24,25,"1 AS-AN","Left","left","AS",1,1.93688583374,0.936448812485,"Verde",1,14,1,14,0,6,0,6,NA,"Left","Left"
"26",26,26,26,26,26,25,199,"5 AS-BS","Both","right","BS",0,3.03943800926,2.03898000717,"Verde",NA,14,NA,14,NA,6,NA,6,NA,"Left","Left"
"27",27,27,27,27,27,26,190,"4 BS-AN","Left","left","BS",1,2.23676991463,1.23646688461,"Verde",1,15,1,15,0,6,0,6,NA,"Right","Right"
"28",28,28,28,28,28,27,273,"6 AN-BN","None","left","AN",0,3.54034900665,2.53974294662,"Verde",NA,15,NA,15,NA,6,NA,6,NA,"Right","Right"
"29",29,29,29,29,29,28,224,"5 AS-BS","Both","right","AS",1,3.74098205566,2.74083089828,"Purpura",NA,15,NA,15,NA,6,NA,6,NA,"Left","Left"
"30",30,30,30,30,30,29,98,"2 AS-BN","Left","left","AS",1,2.13687896729,1.13679218292,"Azul",1,16,1,16,0,6,0,6,NA,"Left","Left"
"31",31,31,31,31,31,30,87,"3 BS-BN","Left","right","BN",0,1.93690299988,0.936493873596,"Azul",0,16,0,16,1,7,1,7,NA,"Right","Right"
"32",32,32,32,32,32,31,225,"5 AS-BS","Both","left","AS",1,1.73552894592,0.735322952271,"Naranja",NA,16,NA,16,NA,7,NA,7,NA,"Right","Right"
"33",33,33,33,33,33,32,196,"5 AS-BS","Both","left","BS",0,3.03931593895,2.03896093369,"Azul",NA,16,NA,16,NA,7,NA,7,NA,"Left","Left"
"34",34,34,34,34,34,33,79,"3 BS-BN","Left","right","BN",0,2.33756804466,1.33728504181,"Azul",0,16,0,16,1,8,1,8,NA,"Left","Left"
"35",35,35,35,35,35,34,180,"4 BS-AN","Right","right","BS",1,1.53561210632,0.53448009491,"Purpura",1,17,1,17,0,8,0,8,NA,"Right","Right"
"36",36,36,36,36,36,35,46,"1 AS-AN","Right","left","AN",0,2.03678679466,1.03649711609,"Verde",0,17,0,17,1,9,1,9,NA,"Right","Right"
"37",37,37,37,37,37,36,229,"5 AS-BS","Both","left","AS",1,1.83681893349,0.836251020432,"Verde",NA,17,NA,17,NA,9,NA,9,NA,"Left","Left"
"38",38,38,38,38,38,37,24,"1 AS-AN","Right","right","AS",1,1.83632707596,0.835769891739,"Naranja",1,18,1,18,0,9,0,9,NA,"Left","Left"
"39",39,39,39,39,39,38,197,"5 AS-BS","Both","right","BS",0,2.73879003525,1.73846197128,"Naranja",NA,18,NA,18,NA,9,NA,9,NA,"Right","Right"
"40",40,40,40,40,40,39,137,"2 AS-BN","Left","left","AS",1,1.736317873,0.735744953156,"Naranja",1,19,1,19,0,9,0,9,NA,"Right","Right"
"41",41,41,41,41,41,40,139,"2 AS-BN","Right","right","AS",1,1.23471093178,0.23456788063,"Verde",1,20,1,20,0,9,0,9,NA,"Left","Left"
"42",42,42,42,42,42,41,57,"3 BS-BN","Left","left","BS",1,1.5356528759,0.535116910934,"Azul",1,21,1,21,0,9,0,9,NA,"Left","Left"
"43",43,43,43,43,43,42,274,"6 AN-BN","None","right","AN",0,2.53838896751,1.53797101974,"Azul",NA,21,NA,21,NA,9,NA,9,NA,"Right","Right"
"44",44,44,44,44,44,43,275,"6 AN-BN","None","right","BN",1,2.53863883018,1.53827190399,"Purpura",NA,21,NA,21,NA,9,NA,9,NA,"Right","Right"
"45",45,45,45,45,45,44,241,"6 AN-BN","None","right","BN",1,1.23483014107,0.23428606987,"Azul",NA,21,NA,21,NA,9,NA,9,NA,"Left","Left"
"46",46,46,46,46,46,45,144,"2 AS-BN","Right","right","AS",1,1.63559913635,0.634541034698,"Naranja",1,22,1,22,0,9,0,9,NA,"Left","Left"
"47",47,47,47,47,47,46,91,"3 BS-BN","Left","right","BN",0,1.73593711853,0.735374212265,"Purpura",0,22,0,22,1,10,1,10,NA,"Right","Right"
"48",48,48,48,48,48,47,198,"5 AS-BS","Both","left","BS",0,1.83626484871,0.835727930069,"Purpura",NA,22,NA,22,NA,10,NA,10,NA,"Right","Right"
"49",49,49,49,49,49,48,73,"3 BS-BN","Left","left","BS",1,1.93643498421,0.936175107956,"Verde",1,23,1,23,0,10,0,10,NA,"Left","Left"
"50",50,50,50,50,50,49,107,"2 AS-BN","Right","right","AS",1,2.03700304031,1.03653788567,"Verde",1,24,1,24,0,10,0,10,NA,"Left","Left"
"51",51,51,51,51,51,50,116,"2 AS-BN","Right","right","AS",1,1.83557701111,0.834496021271,"Purpura",1,25,1,25,0,10,0,10,NA,"Right","Right"
"52",52,52,52,52,52,51,207,"5 AS-BS","Both","right","BS",0,3.73724889755,2.73623991013,"Azul",NA,25,NA,25,NA,10,NA,10,NA,"Right","Right"
"53",53,53,53,53,53,52,141,"2 AS-BN","Left","left","AS",1,1.93469405174,0.933651924133,"Purpura",1,26,1,26,0,10,0,10,NA,"Left","Left"
"54",54,54,54,54,54,53,119,"2 AS-BN","Right","right","AS",1,1.73588085175,0.734759092331,"Purpura",1,27,1,27,0,10,0,10,NA,"Left","Left"
"55",55,55,55,55,55,54,35,"1 AS-AN","Left","right","AN",0,1.63570094109,0.635488033295,"Purpura",0,27,0,27,1,11,1,11,NA,"Right","Right"
"56",56,56,56,56,56,55,30,"1 AS-AN","Right","left","AN",0,1.93641996384,0.935950040817,"Verde",0,27,0,27,1,12,1,12,NA,"Right","Right"
"57",57,57,57,57,57,56,15,"1 AS-AN","Left","right","AN",0,1.5336689949,0.532618999481,"Verde",0,27,0,27,1,13,1,13,NA,"Left","Left"
"58",58,58,58,58,58,57,253,"6 AN-BN","None","right","BN",1,2.43778300285,1.43659210205,"Purpura",NA,27,NA,27,NA,13,NA,13,NA,"Left","Left"
"59",59,59,59,59,59,58,106,"2 AS-BN","Left","left","AS",1,1.63568401337,0.635129928589,"Purpura",1,28,1,28,0,13,0,13,NA,"Right","Right"
"60",60,60,60,60,60,59,286,"6 AN-BN","None","left","BN",1,2.23495793343,1.23384404182,"Verde",NA,28,NA,28,NA,13,NA,13,NA,"Right","Right"
"61",61,61,61,61,61,60,58,"3 BS-BN","Right","left","BN",0,1.53602194786,0.535272121429,"Purpura",0,28,0,28,1,14,1,14,NA,"Left","Left"
"62",62,62,62,62,62,61,248,"6 AN-BN","None","right","AN",0,2.43787312508,1.43757820129,"Purpura",NA,28,NA,28,NA,14,NA,14,NA,"Left","Left"
"63",63,63,63,63,63,62,205,"5 AS-BS","Both","right","BS",0,2.03665113449,1.0361790657,"Verde",NA,28,NA,28,NA,14,NA,14,NA,"Right","Right"
"64",64,64,64,64,64,63,165,"4 BS-AN","Left","left","BS",1,1.83365607262,0.832555055618,"Azul",1,29,1,29,0,14,0,14,NA,"Right","Right"
"65",65,65,65,65,65,64,212,"5 AS-BS","Both","right","AS",1,1.73616099358,0.735657930374,"Naranja",NA,29,NA,29,NA,14,NA,14,NA,"Left","Left"
"66",66,66,66,66,66,65,257,"6 AN-BN","None","right","BN",1,1.43515300751,0.434964895248,"Purpura",NA,29,NA,29,NA,14,NA,14,NA,"Left","Left"
"67",67,67,67,67,67,66,230,"5 AS-BS","Both","right","AS",1,1.13444399834,0.13398194313,"Azul",NA,29,NA,29,NA,14,NA,14,NA,"Right","Right"
"68",68,68,68,68,68,67,67,"3 BS-BN","Left","right","BN",0,1.33539891243,0.334959030151,"Naranja",0,29,0,29,1,15,1,15,NA,"Right","Right"
"69",69,69,69,69,69,68,66,"3 BS-BN","Right","left","BN",0,1.73622488976,0.735709190369,"Purpura",0,29,0,29,1,16,1,16,NA,"Left","Left"
"70",70,70,70,70,70,69,37,"1 AS-AN","Left","left","AS",1,2.23508405685,1.23396921158,"Naranja",1,30,1,30,0,16,0,16,NA,"Left","Left"
"71",71,71,71,71,71,70,93,"3 BS-BN","Left","left","BS",1,2.83887481689,1.83772921562,"Naranja",1,31,1,31,0,16,0,16,NA,"Right","Right"
"72",72,72,72,72,72,71,168,"4 BS-AN","Right","right","BS",1,1.73592114449,0.735342025757,"Verde",1,32,1,32,0,16,0,16,NA,"Right","Right"
"73",73,73,73,73,73,72,32,"1 AS-AN","Right","right","AS",1,1.43521499634,0.434124946594,"Purpura",1,33,1,33,0,16,0,16,NA,"Left","Left"
"74",74,74,74,74,74,73,256,"6 AN-BN","None","left","BN",1,2.23742294312,1.23691105843,"Naranja",NA,33,NA,33,NA,16,NA,16,NA,"Left","Left"
"75",75,75,75,75,75,74,5,"1 AS-AN","Left","left","AS",1,1.23475289345,0.234268903732,"Purpura",1,34,1,34,0,16,0,16,NA,"Right","Right"
"76",76,76,76,76,76,75,135,"2 AS-BN","Right","right","AS",1,1.1348118782,0.134311914444,"Purpura",1,35,1,35,0,16,0,16,NA,"Right","Right"
"77",77,77,77,77,77,76,271,"6 AN-BN","None","left","AN",0,1.13411903381,0.133061885834,"Azul",NA,35,NA,35,NA,16,NA,16,NA,"Left","Left"
"78",78,78,78,78,78,77,187,"4 BS-AN","Right","right","BS",1,1.53543710709,0.535284042358,"Verde",1,36,1,36,0,16,0,16,NA,"Left","Left"
"79",79,79,79,79,79,78,211,"5 AS-BS","Both","left","AS",1,1.23480606079,0.234438896179,"Verde",NA,36,NA,36,NA,16,NA,16,NA,"Right","Right"
"80",80,80,80,80,80,79,278,"6 AN-BN","None","right","AN",0,3.74095511436,2.74078297615,"Naranja",NA,36,NA,36,NA,16,NA,16,NA,"Right","Right"
"81",81,81,81,81,81,80,8,"1 AS-AN","Right","right","AS",1,1.53350687027,0.532336950302,"Naranja",1,37,1,37,0,16,0,16,NA,"Left","Left"
"82",82,82,82,82,82,81,41,"1 AS-AN","Left","left","AS",1,1.4325299263,0.431391000748,"Verde",1,38,1,38,0,16,0,16,NA,"Left","Left"
"83",83,83,83,83,83,82,108,"2 AS-BN","Right","right","AS",1,1.13447189331,0.13427400589,"Azul",1,39,1,39,0,16,0,16,NA,"Right","Right"
"84",84,84,84,84,84,83,138,"2 AS-BN","Left","left","AS",1,1.63541197777,0.63515996933,"Purpura",1,40,1,40,0,16,0,16,NA,"Right","Right"
"85",85,85,85,85,85,84,27,"1 AS-AN","Left","right","AN",0,1.43534994125,0.435142993927,"Purpura",0,40,0,40,1,17,1,17,NA,"Left","Left"
"86",86,86,86,86,86,85,92,"3 BS-BN","Right","right","BS",1,2.23736190796,1.23623991013,"Azul",1,41,1,41,0,17,0,17,NA,"Left","Left"
"87",87,87,87,87,87,86,267,"6 AN-BN","None","left","AN",0,2.03676795959,1.03627300262,"Naranja",NA,41,NA,41,NA,17,NA,17,NA,"Right","Right"
"88",88,88,88,88,88,87,77,"3 BS-BN","Left","left","BS",1,1.63250398636,0.631469011307,"Naranja",1,42,1,42,0,17,0,17,NA,"Right","Right"
"89",89,89,89,89,89,88,136,"2 AS-BN","Right","left","BN",0,1.7362639904,0.735769987106,"Verde",0,42,0,42,1,18,1,18,NA,"Left","Left"
"90",90,90,90,90,90,89,200,"5 AS-BS","Both","right","AS",1,1.83620595932,0.835669994354,"Naranja",NA,42,NA,42,NA,18,NA,18,NA,"Left","Left"
"91",91,91,91,91,91,90,235,"5 AS-BS","Both","left","AS",1,1.735861063,0.73571395874,"Naranja",NA,42,NA,42,NA,18,NA,18,NA,"Right","Right"
"92",92,92,92,92,92,91,84,"3 BS-BN","Right","right","BS",1,1.13411092758,0.132936954498,"Azul",1,43,1,43,0,18,0,18,NA,"Right","Right"
"93",93,93,93,93,93,92,36,"1 AS-AN","Right","right","AS",1,1.23500990868,0.234410047531,"Azul",1,44,1,44,0,18,0,18,NA,"Left","Left"
"94",94,94,94,94,94,93,283,"6 AN-BN","None","right","BN",1,4.24215102196,3.24181604385,"Azul",NA,44,NA,44,NA,18,NA,18,NA,"Left","Left"
"95",95,95,95,95,95,94,234,"5 AS-BS","Both","left","BS",0,2.33792495728,1.33768892288,"Purpura",NA,44,NA,44,NA,18,NA,18,NA,"Right","Right"
"96",96,96,96,96,96,95,129,"2 AS-BN","Left","left","AS",1,1.33504891396,0.334410905838,"Verde",1,45,1,45,0,18,0,18,NA,"Right","Right"
"97",97,97,97,97,97,96,240,"5 AS-BS","Both","left","BS",0,1.73633980751,0.735982179642,"Azul",NA,45,NA,45,NA,18,NA,18,NA,"Left","Left"
"98",98,98,98,98,98,97,131,"2 AS-BN","Right","right","AS",1,1.83622002602,0.835743188858,"Naranja",1,46,1,46,0,18,0,18,NA,"Left","Left"
"99",99,99,99,99,99,98,14,"1 AS-AN","Right","left","AN",0,1.73657894135,0.735395908356,"Azul",0,46,0,46,1,19,1,19,NA,"Right","Right"
"100",100,100,100,100,100,99,171,"4 BS-AN","Right","right","BS",1,1.73605489731,0.735611915588,"Verde",1,47,1,47,0,19,0,19,NA,"Right","Right"
"101",101,101,101,101,101,100,238,"5 AS-BS","Both","left","BS",0,2.23732089996,1.23703289032,"Naranja",NA,47,NA,47,NA,19,NA,19,NA,"Left","Left"
"102",102,102,102,102,102,101,178,"4 BS-AN","Left","left","BS",1,1.43516492844,0.434568881989,"Azul",1,48,1,48,0,19,0,19,NA,"Left","Left"
"103",103,103,103,103,103,102,100,"2 AS-BN","Right","right","AS",1,1.33547496796,0.334417104721,"Purpura",1,49,1,49,0,19,0,19,NA,"Right","Right"
"104",104,104,104,104,104,103,237,"5 AS-BS","Both","left","AS",1,1.73574900627,0.735338926315,"Purpura",NA,49,NA,49,NA,19,NA,19,NA,"Right","Right"
"105",105,105,105,105,105,104,156,"4 BS-AN","Right","right","BS",1,1.53257703781,0.531495809555,"Azul",1,50,1,50,0,19,0,19,NA,"Left","Left"
"106",106,106,106,106,106,105,102,"2 AS-BN","Left","left","AS",1,1.43516302109,0.434587955475,"Naranja",1,51,1,51,0,19,0,19,NA,"Left","Left"
"107",107,107,107,107,107,106,55,"3 BS-BN","Left","right","BN",0,1.53601503372,0.535748958588,"Verde",0,51,0,51,1,20,1,20,NA,"Right","Right"
"108",108,108,108,108,108,107,112,"2 AS-BN","Right","right","AS",1,1.83607602119,0.835505008698,"Naranja",1,52,1,52,0,20,0,20,NA,"Right","Right"
"109",109,109,109,109,109,108,153,"4 BS-AN","Left","left","BS",1,1.93236207962,0.931445121765,"Naranja",1,53,1,53,0,20,0,20,NA,"Left","Left"
"110",110,110,110,110,110,109,189,"4 BS-AN","Left","right","AN",0,1.93666601181,0.936131000519,"Purpura",0,53,0,53,1,21,1,21,NA,"Left","Left"
"111",111,111,111,111,111,110,161,"4 BS-AN","Left","left","BS",1,1.93691682816,0.935850143433,"Verde",1,54,1,54,0,21,0,21,NA,"Right","Right"
"112",112,112,112,112,112,111,72,"3 BS-BN","Right","right","BS",1,1.53551411629,0.534408092499,"Naranja",1,55,1,55,0,21,0,21,NA,"Right","Right"
"113",113,113,113,113,113,112,251,"6 AN-BN","None","right","BN",1,2.63803887367,1.63694310188,"Purpura",NA,55,NA,55,NA,21,NA,21,NA,"Left","Left"
"114",114,114,114,114,114,113,250,"6 AN-BN","None","left","BN",1,2.23711395264,1.23669099808,"Naranja",NA,55,NA,55,NA,21,NA,21,NA,"Left","Left"
"115",115,115,115,115,115,114,282,"6 AN-BN","None","left","BN",1,2.43760609627,1.43731498718,"Purpura",NA,55,NA,55,NA,21,NA,21,NA,"Right","Right"
"116",116,116,116,116,116,115,233,"5 AS-BS","Both","left","AS",1,1.73603892326,0.734969139099,"Azul",NA,55,NA,55,NA,21,NA,21,NA,"Right","Right"
"117",117,117,117,117,117,116,120,"2 AS-BN","Right","right","AS",1,1.83616709709,0.835767030716,"Verde",1,56,1,56,0,21,0,21,NA,"Left","Left"
"118",118,118,118,118,118,117,149,"4 BS-AN","Left","left","BS",1,2.03714299202,1.03665494919,"Azul",1,57,1,57,0,21,0,21,NA,"Left","Left"
"119",119,119,119,119,119,118,78,"3 BS-BN","Right","right","BS",1,1.83625388145,0.835530042648,"Verde",1,58,1,58,0,21,0,21,NA,"Right","Right"
"120",120,120,120,120,120,119,39,"1 AS-AN","Left","right","AN",0,1.23474907875,0.234451055527,"Azul",0,58,0,58,1,22,1,22,NA,"Right","Right"
"121",121,121,121,121,121,120,142,"2 AS-BN","Left","left","AS",1,1.43524694443,0.434687852859,"Verde",1,59,1,59,0,22,0,22,NA,"Left","Left"
"122",122,122,122,122,122,121,265,"6 AN-BN","None","left","AN",0,1.63608407974,0.635673046112,"Azul",NA,59,NA,59,NA,22,NA,22,NA,"Left","Left"
"123",123,123,123,123,123,122,125,"2 AS-BN","Left","right","BN",0,2.43774485588,1.43728399277,"Purpura",0,59,0,59,1,23,1,23,NA,"Right","Right"
"124",124,124,124,124,124,123,70,"3 BS-BN","Right","left","BN",0,1.83607292175,0.835571050644,"Azul",0,59,0,59,1,24,1,24,NA,"Right","Right"
"125",125,125,125,125,125,124,40,"1 AS-AN","Right","left","AN",0,1.73601698875,0.735810041428,"Purpura",0,59,0,59,1,25,1,25,NA,"Left","Left"
"126",126,126,126,126,126,125,47,"1 AS-AN","Left","right","AN",0,1.23520708084,0.234822034836,"Azul",0,59,0,59,1,26,1,26,NA,"Left","Left"
"127",127,127,127,127,127,126,115,"2 AS-BN","Right","right","AS",1,1.13486790657,0.134336948395,"Naranja",1,60,1,60,0,26,0,26,NA,"Right","Right"
"128",128,128,128,128,128,127,166,"4 BS-AN","Left","left","BS",1,1.13442897797,0.134058952332,"Naranja",1,61,1,61,0,26,0,26,NA,"Right","Right"
"129",129,129,129,129,129,128,105,"2 AS-BN","Left","left","AS",1,1.23510503769,0.233945131302,"Naranja",1,62,1,62,0,26,0,26,NA,"Left","Left"
"130",130,130,130,130,130,129,213,"5 AS-BS","Both","left","AS",1,1.63583397865,0.635257959366,"Azul",NA,62,NA,62,NA,26,NA,26,NA,"Left","Left"
"131",131,131,131,131,131,130,31,"1 AS-AN","Left","right","AN",0,1.23497009277,0.234538078308,"Azul",0,62,0,62,1,27,1,27,NA,"Right","Right"
"132",132,132,132,132,132,131,249,"6 AN-BN","None","right","BN",1,1.13393902779,0.133688926697,"Verde",NA,62,NA,62,NA,27,NA,27,NA,"Right","Right"
"133",133,133,133,133,133,132,147,"4 BS-AN","Right","right","BS",1,1.33539199829,0.334841966629,"Naranja",1,63,1,63,0,27,0,27,NA,"Left","Left"
"134",134,134,134,134,134,133,90,"3 BS-BN","Right","left","BN",0,1.43536996841,0.434228897095,"Naranja",0,63,0,63,1,28,1,28,NA,"Left","Left"
"135",135,135,135,135,135,134,19,"1 AS-AN","Left","right","AN",0,1.53578901291,0.534814834595,"Naranja",0,63,0,63,1,29,1,29,NA,"Right","Right"
"136",136,136,136,136,136,135,223,"5 AS-BS","Both","left","AS",1,1.43510389328,0.434047937393,"Naranja",NA,63,NA,63,NA,29,NA,29,NA,"Right","Right"
"137",137,137,137,137,137,136,226,"5 AS-BS","Both","right","AS",1,2.13677191734,1.1363530159,"Verde",NA,63,NA,63,NA,29,NA,29,NA,"Left","Left"
"138",138,138,138,138,138,137,183,"4 BS-AN","Right","right","BS",1,1.83610200882,0.834958076477,"Purpura",1,64,1,64,0,29,0,29,NA,"Left","Left"
"139",139,139,139,139,139,138,204,"5 AS-BS","Both","left","BS",0,1.63231301308,0.631177186966,"Purpura",NA,64,NA,64,NA,29,NA,29,NA,"Right","Right"
"140",140,140,140,140,140,139,218,"5 AS-BS","Both","right","AS",1,1.43523192406,0.434687852859,"Naranja",NA,64,NA,64,NA,29,NA,29,NA,"Right","Right"
"141",141,141,141,141,141,140,242,"6 AN-BN","None","left","BN",1,2.739164114,1.73869395256,"Purpura",NA,64,NA,64,NA,29,NA,29,NA,"Left","Left"
"142",142,142,142,142,142,141,247,"6 AN-BN","None","left","AN",0,1.73598599434,0.735275030136,"Azul",NA,64,NA,64,NA,29,NA,29,NA,"Left","Left"
"143",143,143,143,143,143,142,6,"1 AS-AN","Right","left","AN",0,1.33523106575,0.334630012512,"Azul",0,64,0,64,1,30,1,30,NA,"Right","Right"
"144",144,144,144,144,144,143,262,"6 AN-BN","None","right","AN",0,1.83614015579,0.835571050644,"Azul",NA,64,NA,64,NA,30,NA,30,NA,"Right","Right"
"145",145,145,145,145,145,144,71,"3 BS-BN","Left","right","BN",0,1.23200511932,0.231167078018,"Verde",0,64,0,64,1,31,1,31,NA,"Left","Left"
"146",146,146,146,146,146,145,22,"1 AS-AN","Right","left","AN",0,1.33505988121,0.334542989731,"Azul",0,64,0,64,1,32,1,32,NA,"Left","Left"
"147",147,147,147,147,147,146,160,"4 BS-AN","Right","right","BS",1,1.23505401611,0.234625101089,"Naranja",1,65,1,65,0,32,0,32,NA,"Right","Right"
"148",148,148,148,148,148,147,252,"6 AN-BN","None","right","AN",0,1.13458299637,0.134055137634,"Azul",NA,65,NA,65,NA,32,NA,32,NA,"Right","Right"
"149",149,149,149,149,149,148,124,"2 AS-BN","Right","right","AS",1,1.13488197327,0.134289979935,"Azul",1,66,1,66,0,32,0,32,NA,"Left","Left"
"150",150,150,150,150,150,149,288,"6 AN-BN","None","left","BN",1,2.33730792999,1.33685684204,"Purpura",NA,66,NA,66,NA,32,NA,32,NA,"Left","Left"
"151",151,151,151,151,151,150,145,"4 BS-AN","Left","left","BS",1,1.13537406921,0.134339094162,"Verde",1,67,1,67,0,32,0,32,NA,"Right","Right"
"152",152,152,152,152,152,151,23,"1 AS-AN","Left","right","AN",0,1.13542699814,0.134963035583,"Verde",0,67,0,67,1,33,1,33,NA,"Right","Right"
"153",153,153,153,153,153,152,263,"6 AN-BN","None","left","AN",0,2.83899402618,1.83842301369,"Purpura",NA,67,NA,67,NA,33,NA,33,NA,"Left","Left"
"154",154,154,154,154,154,153,33,"1 AS-AN","Left","left","AS",1,1.13445997238,0.134175777435,"Verde",1,68,1,68,0,33,0,33,NA,"Left","Left"
"155",155,155,155,155,155,154,264,"6 AN-BN","None","left","BN",1,1.73705601692,0.735985040665,"Naranja",NA,68,NA,68,NA,33,NA,33,NA,"Right","Right"
"156",156,156,156,156,156,155,209,"5 AS-BS","Both","left","AS",1,1.1345410347,0.134319782257,"Naranja",NA,68,NA,68,NA,33,NA,33,NA,"Right","Right"
"157",157,157,157,157,157,156,89,"3 BS-BN","Left","left","BS",1,1.3355050087,0.334331035614,"Verde",1,69,1,69,0,33,0,33,NA,"Left","Left"
"158",158,158,158,158,158,157,162,"4 BS-AN","Left","left","BS",1,1.23479795456,0.234322071075,"Azul",1,70,1,70,0,33,0,33,NA,"Left","Left"
"159",159,159,159,159,159,158,104,"2 AS-BN","Right","right","AS",1,1.23506307602,0.234446048737,"Verde",1,71,1,71,0,33,0,33,NA,"Right","Right"
"160",160,160,160,160,160,159,109,"2 AS-BN","Left","left","AS",1,1.13450598717,0.133412837982,"Purpura",1,72,1,72,0,33,0,33,NA,"Right","Right"
"161",161,161,161,161,161,160,26,"1 AS-AN","Right","right","AS",1,1.13528299332,0.134135007858,"Naranja",1,73,1,73,0,33,0,33,NA,"Left","Left"
"162",162,162,162,162,162,161,236,"5 AS-BS","Both","left","BS",0,1.13442397118,0.13386797905,"Verde",NA,73,NA,73,NA,33,NA,33,NA,"Left","Left"
"163",163,163,163,163,163,162,42,"1 AS-AN","Right","left","AN",0,1.33533811569,0.334963083267,"Naranja",0,73,0,73,1,34,1,34,NA,"Right","Right"
"164",164,164,164,164,164,163,81,"3 BS-BN","Left","left","BS",1,1.73600196838,0.735543012619,"Verde",1,74,1,74,0,34,0,34,NA,"Right","Right"
"165",165,165,165,165,165,164,255,"6 AN-BN","None","right","BN",1,2.037088871,1.03680896759,"Verde",NA,74,NA,74,NA,34,NA,34,NA,"Left","Left"
"166",166,166,166,166,166,165,43,"1 AS-AN","Left","right","AN",0,1.93648600578,0.935367107391,"Purpura",0,74,0,74,1,35,1,35,NA,"Left","Left"
"167",167,167,167,167,167,166,65,"3 BS-BN","Left","left","BS",1,1.53591680527,0.534972906113,"Azul",1,75,1,75,0,35,0,35,NA,"Right","Right"
"168",168,168,168,168,168,167,269,"6 AN-BN","None","left","AN",0,1.13451480865,0.133414030075,"Naranja",NA,75,NA,75,NA,35,NA,35,NA,"Right","Right"
"169",169,169,169,169,169,168,195,"5 AS-BS","Both","left","AS",1,1.13487696648,0.13450717926,"Purpura",NA,75,NA,75,NA,35,NA,35,NA,"Left","Left"
"170",170,170,170,170,170,169,122,"2 AS-BN","Left","left","AS",1,1.1344537735,0.133841991425,"Purpura",1,76,1,76,0,35,0,35,NA,"Left","Left"
"171",171,171,171,171,171,170,270,"6 AN-BN","None","right","AN",0,1.13446593285,0.134080886841,"Purpura",NA,76,NA,76,NA,35,NA,35,NA,"Right","Right"
"172",172,172,172,172,172,171,7,"1 AS-AN","Left","right","AN",0,1.13496112823,0.134416103363,"Verde",0,76,0,76,1,36,1,36,NA,"Right","Right"
"173",173,173,173,173,173,172,95,"3 BS-BN","Left","right","BN",0,1.33530807495,0.334759950638,"Azul",0,76,0,76,1,37,1,37,NA,"Left","Left"
"174",174,174,174,174,174,173,4,"1 AS-AN","Right","right","AS",1,1.53541398048,0.534869909286,"Verde",1,77,1,77,0,37,0,37,NA,"Left","Left"
"175",175,175,175,175,175,174,96,"3 BS-BN","Right","right","BS",1,1.33528900146,0.334801197052,"Purpura",1,78,1,78,0,37,0,37,NA,"Right","Right"
"176",176,176,176,176,176,175,281,"6 AN-BN","None","left","AN",0,1.73596000671,0.735432863235,"Naranja",NA,78,NA,78,NA,37,NA,37,NA,"Right","Right"
"177",177,177,177,177,177,176,50,"3 BS-BN","Right","right","BS",1,1.13488507271,0.133749008179,"Purpura",1,79,1,79,0,37,0,37,NA,"Left","Left"
"178",178,178,178,178,178,177,245,"6 AN-BN","None","left","AN",0,2.3383038044,1.33808994293,"Naranja",NA,79,NA,79,NA,37,NA,37,NA,"Left","Left"
"179",179,179,179,179,179,178,194,"5 AS-BS","Both","right","AS",1,1.63330197334,0.632242918015,"Verde",NA,79,NA,79,NA,37,NA,37,NA,"Right","Right"
"180",180,180,180,180,180,179,214,"5 AS-BS","Both","right","AS",1,1.33489203453,0.334395170212,"Verde",NA,79,NA,79,NA,37,NA,37,NA,"Right","Right"
"181",181,181,181,181,181,180,201,"5 AS-BS","Both","right","BS",0,2.33791899681,1.3376250267,"Purpura",NA,79,NA,79,NA,37,NA,37,NA,"Left","Left"
"182",182,182,182,182,182,181,280,"6 AN-BN","None","left","BN",1,1.53567790985,0.535333156586,"Azul",NA,79,NA,79,NA,37,NA,37,NA,"Left","Left"
"183",183,183,183,183,183,182,64,"3 BS-BN","Right","left","BN",0,1.13491797447,0.134280920029,"Naranja",0,79,0,79,1,38,1,38,NA,"Right","Right"
"184",184,184,184,184,184,183,114,"2 AS-BN","Left","left","AS",1,1.13466691971,0.13380408287,"Azul",1,80,1,80,0,38,0,38,NA,"Right","Right"
"185",185,185,185,185,185,184,99,"2 AS-BN","Right","right","AS",1,1.13551497459,0.134932994843,"Naranja",1,81,1,81,0,38,0,38,NA,"Left","Left"
"186",186,186,186,186,186,185,51,"3 BS-BN","Left","right","BN",0,1.23492980003,0.23476600647,"Naranja",0,81,0,81,1,39,1,39,NA,"Left","Left"
"187",187,187,187,187,187,186,62,"3 BS-BN","Right","right","BS",1,1.53593015671,0.535341978073,"Azul",1,82,1,82,0,39,0,39,NA,"Right","Right"
"188",188,188,188,188,188,187,210,"5 AS-BS","Both","right","AS",1,1.13487291336,0.133821964264,"Purpura",NA,82,NA,82,NA,39,NA,39,NA,"Right","Right"
"189",189,189,189,189,189,188,206,"5 AS-BS","Both","right","AS",1,1.13427495956,0.133867025375,"Naranja",NA,82,NA,82,NA,39,NA,39,NA,"Left","Left"
"190",190,190,190,190,190,189,167,"4 BS-AN","Right","left","AN",0,1.33539199829,0.334357976913,"Purpura",0,82,0,82,1,40,1,40,NA,"Left","Left"
"191",191,191,191,191,191,190,20,"1 AS-AN","Right","right","AS",1,1.43533110619,0.434700012207,"Verde",1,83,1,83,0,40,0,40,NA,"Right","Right"
"192",192,192,192,192,192,191,11,"1 AS-AN","Left","right","AN",0,1.13491201401,0.134346008301,"Naranja",0,83,0,83,1,41,1,41,NA,"Right","Right"
"193",193,193,193,193,193,192,28,"1 AS-AN","Right","right","AS",1,1.83625912666,0.835858106613,"Azul",1,84,1,84,0,41,0,41,NA,"Both","Both"
"194",194,194,194,194,194,193,1,"1 AS-AN","Left","left","AS",1,2.03712105751,1.03611397743,"Azul",1,85,1,85,0,41,0,41,NA,"Both","Both"
"195",195,195,195,195,195,194,186,"4 BS-AN","Left","left","BS",1,1.63620400429,0.635119915009,"Purpura",1,86,1,86,0,41,0,41,NA,"Both","Both"
"196",196,196,196,196,196,195,175,"4 BS-AN","Right","right","BS",1,1.53696012497,0.536278009415,"Azul",1,87,1,87,0,41,0,41,NA,"Both","Both"
"197",197,197,197,197,197,196,68,"3 BS-BN","Right","right","BS",1,1.53666186333,0.536056995392,"Verde",1,88,1,88,0,41,0,41,NA,"Both","Both"
"198",198,198,198,198,198,197,97,"2 AS-BN","Left","left","AS",1,1.73693180084,0.736659049988,"Verde",1,89,1,89,0,41,0,41,NA,"Both","Both"
"199",199,199,199,199,199,198,279,"6 AN-BN","None","right","BN",1,1.43825697899,0.437582969666,"Verde",NA,89,NA,89,NA,41,NA,41,NA,"Both","Both"
"200",200,200,200,200,200,199,17,"1 AS-AN","Left","left","AS",1,1.13576793671,0.135626077652,"Azul",1,90,1,90,0,41,0,41,NA,"Both","Both"
"201",201,201,201,201,201,200,143,"2 AS-BN","Right","right","AS",1,1.13460206985,0.133988142014,"Azul",1,91,1,91,0,41,0,41,NA,"Both","Both"
"202",202,202,202,202,202,201,158,"4 BS-AN","Left","left","BS",1,2.13840603828,1.13800191879,"Verde",1,92,1,92,0,41,0,41,NA,"Both","Both"
"203",203,203,203,203,203,202,76,"3 BS-BN","Right","right","BS",1,1.63672614098,0.636146068573,"Azul",1,93,1,93,0,41,0,41,NA,"Both","Both"
"204",204,204,204,204,204,203,134,"2 AS-BN","Left","left","AS",1,1.13505506516,0.134081840515,"Naranja",1,94,1,94,0,41,0,41,NA,"Both","Both"
"205",205,205,205,205,205,204,29,"1 AS-AN","Left","left","AS",1,1.23477983475,0.234157800674,"Naranja",1,95,1,95,0,41,0,41,NA,"Both","Both"
"206",206,206,206,206,206,205,18,"1 AS-AN","Right","left","AN",0,1.14038181305,0.139849185944,"Purpura",0,95,0,95,1,42,1,42,NA,"Both","Both"
"207",207,207,207,207,207,206,74,"3 BS-BN","Right","left","BN",0,1.13458204269,0.133427858353,"Naranja",0,95,0,95,1,43,1,43,NA,"Both","Both"
"208",208,208,208,208,208,207,157,"4 BS-AN","Left","left","BS",1,1.1346540451,0.134474992752,"Purpura",1,96,1,96,0,43,0,43,NA,"Both","Both"
"209",209,209,209,209,209,208,128,"2 AS-BN","Right","right","AS",1,1.13523387909,0.135097026825,"Naranja",1,97,1,97,0,43,0,43,NA,"Both","Both"
"210",210,210,210,210,210,209,151,"4 BS-AN","Right","right","BS",1,1.23473000526,0.234274864197,"Purpura",1,98,1,98,0,43,0,43,NA,"Both","Both"
"211",211,211,211,211,211,210,246,"6 AN-BN","None","right","AN",0,3.64765000343,2.64739489555,"Verde",NA,98,NA,98,NA,43,NA,43,NA,"Both","Both"
"212",212,212,212,212,212,211,12,"1 AS-AN","Right","right","AS",1,1.33501815796,0.334799051285,"Verde",1,99,1,99,0,43,0,43,NA,"Both","Both"
"213",213,213,213,213,213,212,222,"5 AS-BS","Both","right","AS",1,1.13461303711,0.134076118469,"Azul",NA,99,NA,99,NA,43,NA,43,NA,"Both","Both"
"214",214,214,214,214,214,213,59,"3 BS-BN","Left","right","BN",0,1.83836603165,0.837783098221,"Naranja",0,99,0,99,1,44,1,44,NA,"Both","Both"
"215",215,215,215,215,215,214,85,"3 BS-BN","Left","left","BS",1,2.1377530098,1.13746500015,"Naranja",1,100,1,100,0,44,0,44,NA,"Both","Both"
"216",216,216,216,216,216,215,82,"3 BS-BN","Right","left","BN",0,1.33512616158,0.33482003212,"Naranja",0,100,0,100,1,45,1,45,NA,"Both","Both"
"217",217,217,217,217,217,216,177,"4 BS-AN","Left","left","BS",1,1.5367538929,0.53644990921,"Verde",1,101,1,101,0,45,0,45,NA,"Both","Both"
"218",218,218,218,218,218,217,272,"6 AN-BN","None","right","AN",0,1.63604617119,0.634986162186,"Verde",NA,101,NA,101,NA,45,NA,45,NA,"Both","Both"
"219",219,219,219,219,219,218,216,"5 AS-BS","Both","left","BS",0,2.23873806,1.23789000511,"Azul",NA,101,NA,101,NA,45,NA,45,NA,"Both","Both"
"220",220,220,220,220,220,219,261,"6 AN-BN","None","right","BN",1,1.5359210968,0.534713029861,"Verde",NA,101,NA,101,NA,45,NA,45,NA,"Both","Both"
"221",221,221,221,221,221,220,69,"3 BS-BN","Left","left","BS",1,1.13490605354,0.13426399231,"Purpura",1,102,1,102,0,45,0,45,NA,"Both","Both"
"222",222,222,222,222,222,221,239,"5 AS-BS","Both","left","AS",1,1.6362221241,0.635163068771,"Verde",NA,102,NA,102,NA,45,NA,45,NA,"Both","Both"
"223",223,223,223,223,223,222,164,"4 BS-AN","Right","right","BS",1,1.13511109352,0.13401389122,"Purpura",1,103,1,103,0,45,0,45,NA,"Both","Both"
"224",224,224,224,224,224,223,260,"6 AN-BN","None","left","BN",1,2.03753995895,1.03702187538,"Azul",NA,103,NA,103,NA,45,NA,45,NA,"Both","Both"
"225",225,225,225,225,225,224,13,"1 AS-AN","Left","left","AS",1,1.13451099396,0.134204864502,"Purpura",1,104,1,104,0,45,0,45,NA,"Both","Both"
"226",226,226,226,226,226,225,118,"2 AS-BN","Left","left","AS",1,1.13446712494,0.134006023407,"Naranja",1,105,1,105,0,45,0,45,NA,"Both","Both"
"227",227,227,227,227,227,226,258,"6 AN-BN","None","left","BN",1,1.53548908234,0.535275936127,"Naranja",NA,105,NA,105,NA,45,NA,45,NA,"Both","Both"
"228",228,228,228,228,228,227,111,"2 AS-BN","Right","right","AS",1,1.13474488258,0.134386062622,"Azul",1,106,1,106,0,45,0,45,NA,"Both","Both"
"229",229,229,229,229,229,228,9,"1 AS-AN","Left","left","AS",1,1.63848209381,0.638359069824,"Azul",1,107,1,107,0,45,0,45,NA,"Both","Both"
"230",230,230,230,230,230,229,220,"5 AS-BS","Both","right","AS",1,1.13459181786,0.134469032288,"Verde",NA,107,NA,107,NA,45,NA,45,NA,"Both","Both"
"231",231,231,231,231,231,230,159,"4 BS-AN","Right","right","BS",1,1.53680205345,0.536607980728,"Azul",1,108,1,108,0,45,0,45,NA,"Both","Both"
"232",232,232,232,232,232,231,123,"2 AS-BN","Right","right","AS",1,1.13499712944,0.134548902512,"Verde",1,109,1,109,0,45,0,45,NA,"Both","Both"
"233",233,233,233,233,233,232,179,"4 BS-AN","Right","right","BS",1,1.33533811569,0.334825992584,"Naranja",1,110,1,110,0,45,0,45,NA,"Both","Both"
"234",234,234,234,234,234,233,203,"5 AS-BS","Both","right","BS",0,1.23480916023,0.234485149384,"Naranja",NA,110,NA,110,NA,45,NA,45,NA,"Both","Both"
"235",235,235,235,235,235,234,49,"3 BS-BN","Left","left","BS",1,1.23516178131,0.234555959702,"Azul",1,111,1,111,0,45,0,45,NA,"Both","Both"
"236",236,236,236,236,236,235,219,"5 AS-BS","Both","left","AS",1,1.3352971077,0.335042953491,"Azul",NA,111,NA,111,NA,45,NA,45,NA,"Both","Both"
"237",237,237,237,237,237,236,228,"5 AS-BS","Both","right","AS",1,1.1350479126,0.134831905365,"Purpura",NA,111,NA,111,NA,45,NA,45,NA,"Both","Both"
"238",238,238,238,238,238,237,94,"3 BS-BN","Right","left","BN",0,1.2344520092,0.234297037125,"Verde",0,111,0,111,1,46,1,46,NA,"Both","Both"
"239",239,239,239,239,239,238,140,"2 AS-BN","Right","right","AS",1,1.13780713081,0.137639045715,"Azul",1,112,1,112,0,46,0,46,NA,"Both","Both"
"240",240,240,240,240,240,239,276,"6 AN-BN","None","left","BN",1,1.33543109894,0.334843158722,"Naranja",NA,112,NA,112,NA,46,NA,46,NA,"Both","Both"
"241",241,241,241,241,241,240,52,"3 BS-BN","Right","left","BN",0,1.13474488258,0.134150981903,"Verde",0,112,0,112,1,47,1,47,NA,"el","el"
"242",242,242,242,242,242,241,86,"3 BS-BN","Right","left","BN",0,1.33569216728,0.334514856339,"Verde",0,112,0,112,1,48,1,48,NA,"el","el"
"243",243,243,243,243,243,242,174,"4 BS-AN","Left","left","BS",1,1.13447189331,0.134208202362,"Verde",1,113,1,113,0,48,0,48,NA,"el","el"
"244",244,244,244,244,244,243,277,"6 AN-BN","None","right","BN",1,2.24093604088,1.24018311501,"Purpura",NA,113,NA,113,NA,48,NA,48,NA,"el","el"
"245",245,245,245,245,245,244,155,"4 BS-AN","Right","right","BS",1,1.33735895157,0.336948156357,"Verde",1,114,1,114,0,48,0,48,NA,"el","el"
"246",246,246,246,246,246,245,132,"2 AS-BN","Right","right","AS",1,1.13467001915,0.13399720192,"Purpura",1,115,1,115,0,48,0,48,NA,"el","el"
"247",247,247,247,247,247,246,192,"4 BS-AN","Right","right","BS",1,1.23504400253,0.234537124634,"Naranja",1,116,1,116,0,48,0,48,NA,"el","el"
"248",248,248,248,248,248,247,34,"1 AS-AN","Right","left","AN",0,1.13437700272,0.133828878403,"Naranja",0,116,0,116,1,49,1,49,NA,"el","el"
"249",249,249,249,249,249,248,21,"1 AS-AN","Left","left","AS",1,1.1348760128,0.134318113327,"Purpura",1,117,1,117,0,49,0,49,NA,"el","el"
"250",250,250,250,250,250,249,126,"2 AS-BN","Left","left","AS",1,1.13454699516,0.133953809738,"Verde",1,118,1,118,0,49,0,49,NA,"el","el"
"251",251,251,251,251,251,250,130,"2 AS-BN","Left","left","AS",1,1.13883519173,0.13772892952,"Azul",1,119,1,119,0,49,0,49,NA,"el","el"
"252",252,252,252,252,252,251,163,"4 BS-AN","Right","right","BS",1,1.1403901577,0.139897108078,"Naranja",1,120,1,120,0,49,0,49,NA,"el","el"
"253",253,253,253,253,253,252,232,"5 AS-BS","Both","right","AS",1,1.13166594505,0.13058590889,"Naranja",NA,120,NA,120,NA,49,NA,49,NA,"el","el"
"254",254,254,254,254,254,253,221,"5 AS-BS","Both","right","BS",0,1.64332604408,0.642730951309,"Purpura",NA,120,NA,120,NA,49,NA,49,NA,"el","el"
"255",255,255,255,255,255,254,121,"2 AS-BN","Left","left","AS",1,1.13320088387,0.132890939713,"Naranja",1,121,1,121,0,49,0,49,NA,"el","el"
"256",256,256,256,256,256,255,101,"2 AS-BN","Left","left","AS",1,1.1365480423,0.135455846786,"Azul",1,122,1,122,0,49,0,49,NA,"el","el"
"257",257,257,257,257,257,256,127,"2 AS-BN","Right","right","AS",1,1.13450503349,0.134387969971,"Azul",1,123,1,123,0,49,0,49,NA,"el","el"
"258",258,258,258,258,258,257,169,"4 BS-AN","Left","left","BS",1,1.64084410667,0.640084981918,"Naranja",1,124,1,124,0,49,0,49,NA,"el","el"
"259",259,259,259,259,259,258,80,"3 BS-BN","Right","right","BS",1,1.1401309967,0.138937950134,"Purpura",1,125,1,125,0,49,0,49,NA,"el","el"
"260",260,260,260,260,260,259,285,"6 AN-BN","None","left","AN",0,1.34011816978,0.339042901993,"Azul",NA,125,NA,125,NA,49,NA,49,NA,"el","el"
"261",261,261,261,261,261,260,60,"3 BS-BN","Right","right","BS",1,1.13981795311,0.139581203461,"Verde",1,126,1,126,0,49,0,49,NA,"el","el"
"262",262,262,262,262,262,261,227,"5 AS-BS","Both","left","AS",1,1.13456511497,0.13424706459,"Azul",NA,126,NA,126,NA,49,NA,49,NA,"el","el"
"263",263,263,263,263,263,262,88,"3 BS-BN","Right","right","BS",1,1.13455700874,0.134051084518,"Purpura",1,127,1,127,0,49,0,49,NA,"el","el"
"264",264,264,264,264,264,263,215,"5 AS-BS","Both","left","AS",1,1.13485598564,0.134391069412,"Purpura",NA,127,NA,127,NA,49,NA,49,NA,"el","el"
"265",265,265,265,265,265,264,184,"4 BS-AN","Right","right","BS",1,1.23479294777,0.234002113342,"Verde",1,128,1,128,0,49,0,49,NA,"el","el"
"266",266,266,266,266,266,265,150,"4 BS-AN","Left","left","BS",1,1.13487887383,0.134476184845,"Naranja",1,129,1,129,0,49,0,49,NA,"el","el"
"267",267,267,267,267,267,266,193,"5 AS-BS","Both","left","AS",1,1.43578004837,0.43553686142,"Azul",NA,129,NA,129,NA,49,NA,49,NA,"el","el"
"268",268,268,268,268,268,267,182,"4 BS-AN","Left","left","BS",1,1.13485503197,0.134225845337,"Naranja",1,130,1,130,0,49,0,49,NA,"el","el"
"269",269,269,269,269,269,268,188,"4 BS-AN","Right","right","BS",1,1.13447880745,0.134119987488,"Azul",1,131,1,131,0,49,0,49,NA,"el","el"
"270",270,270,270,270,270,269,254,"6 AN-BN","None","left","BN",1,1.13491606712,0.134803056717,"Azul",NA,131,NA,131,NA,49,NA,49,NA,"el","el"
"271",271,271,271,271,271,270,61,"3 BS-BN","Left","left","BS",1,1.23474192619,0.234104156494,"Purpura",1,132,1,132,0,49,0,49,NA,"el","el"
"272",272,272,272,272,272,271,146,"4 BS-AN","Left","left","BS",1,1.13493299484,0.134570121765,"Azul",1,133,1,133,0,49,0,49,NA,"el","el"
"273",273,273,273,273,273,272,2,"1 AS-AN","Right","left","AN",0,1.43559098244,0.435029983521,"Purpura",0,133,0,133,1,50,1,50,NA,"el","el"
"274",274,274,274,274,274,273,259,"6 AN-BN","None","right","BN",1,1.13488888741,0.134212970734,"Verde",NA,133,NA,133,NA,50,NA,50,NA,"el","el"
"275",275,275,275,275,275,274,63,"3 BS-BN","Left","right","BN",0,1.33522510529,0.334756851196,"Verde",0,133,0,133,1,51,1,51,NA,"el","el"
"276",276,276,276,276,276,275,287,"6 AN-BN","None","right","BN",1,2.43834209442,1.43818807602,"Naranja",NA,133,NA,133,NA,51,NA,51,NA,"el","el"
"277",277,277,277,277,277,276,154,"4 BS-AN","Left","left","BS",1,1.23491191864,0.234513998032,"Purpura",1,134,1,134,0,51,0,51,NA,"el","el"
"278",278,278,278,278,278,277,268,"6 AN-BN","None","right","AN",0,1.33580994606,0.33523106575,"Purpura",NA,134,NA,134,NA,51,NA,51,NA,"el","el"
"279",279,279,279,279,279,278,44,"1 AS-AN","Right","right","AS",1,1.13455581665,0.133998155594,"Azul",1,135,1,135,0,51,0,51,NA,"el","el"
"280",280,280,280,280,280,279,243,"6 AN-BN","None","right","BN",1,2.43860292435,1.43820786476,"Naranja",NA,135,NA,135,NA,51,NA,51,NA,"el","el"
"281",281,281,281,281,281,280,54,"3 BS-BN","Right","left","BN",0,1.2349319458,0.234231948853,"Azul",0,135,0,135,1,52,1,52,NA,"el","el"
"282",282,282,282,282,282,281,170,"4 BS-AN","Left","left","BS",1,1.3355910778,0.334425926208,"Purpura",1,136,1,136,0,52,0,52,NA,"el","el"
"283",283,283,283,283,283,282,202,"5 AS-BS","Both","right","AS",1,1.13484597206,0.13436794281,"Azul",NA,136,NA,136,NA,52,NA,52,NA,"el","el"
"284",284,284,284,284,284,283,48,"1 AS-AN","Right","right","AS",1,1.23474287987,0.233551025391,"Purpura",1,137,1,137,0,52,0,52,NA,"el","el"
"285",285,285,285,285,285,284,38,"1 AS-AN","Right","right","AS",1,1.13430905342,0.133541107178,"Verde",1,138,1,138,0,52,0,52,NA,"el","el"
"286",286,286,286,286,286,285,208,"5 AS-BS","Both","left","BS",0,1.83678388596,0.836337089539,"Verde",NA,138,NA,138,NA,52,NA,52,NA,"el","el"
"287",287,287,287,287,287,286,181,"4 BS-AN","Left","left","BS",1,1.3353908062,0.334945201874,"Azul",1,139,1,139,0,52,0,52,NA,"el","el"
"288",288,288,288,288,288,287,117,"2 AS-BN","Left","left","AS",1,1.23518610001,0.234408140182,"Azul",1,140,1,140,0,52,0,52,NA,"el","el"
